ph,ec,orp,turbidite,debi,delta_basinc,sinif
6.72,1.2,379.0,42.3,2.63,0.642,fiziksel
8.11,2.45,403.0,4.4,2.01,0.463,kimyasal
7.57,1.2,144.0,28.3,3.31,0.372,biyolojik
6.0,1.62,240.0,21.0,3.08,0.398,biyolojik
6.06,1.32,184.0,26.6,3.23,0.242,biyolojik
7.45,1.49,262.0,25.8,2.34,0.4,biyolojik
6.39,1.42,181.0,23.0,2.78,0.242,biyolojik
6.52,1.39,406.0,51.7,1.87,0.644,fiziksel
7.04,1.15,387.0,5.6,3.87,0.02,normal
5.87,1.32,174.0,7.3,3.29,0.072,biyolojik
7.78,2.0,430.0,8.1,3.44,0.212,normal
6.16,1.56,289.0,8.0,2.78,0.274,biyolojik
5.93,2.96,55.0,23.9,3.81,0.293,biyolojik
7.61,1.48,485.0,21.1,2.12,0.464,kimyasal
7.77,2.51,349.0,26.0,2.1,0.512,kimyasal
7.61,1.64,330.0,10.6,2.34,0.57,kimyasal
5.7,0.59,168.0,22.8,3.17,0.509,biyolojik
6.85,1.09,216.0,0.2,4.06,0.031,normal
6.4,1.1,333.0,46.6,3.45,0.569,fiziksel
6.67,1.59,314.0,12.2,1.8,0.46,fiziksel
6.58,1.34,106.0,20.5,3.98,0.271,biyolojik
6.52,0.94,446.0,42.8,2.87,0.519,fiziksel
7.23,2.23,371.0,22.0,2.26,0.606,fiziksel
6.21,1.46,298.0,20.3,1.42,0.121,biyolojik
7.77,1.29,341.0,29.1,3.06,0.374,fiziksel
7.55,0.71,272.0,3.3,3.24,0.079,normal
7.33,0.8,166.0,24.6,3.3,0.179,biyolojik
6.23,1.78,179.0,19.4,3.61,0.382,biyolojik
6.81,0.83,178.0,33.1,4.01,0.32,biyolojik
7.35,1.21,400.0,2.6,4.22,0.02,normal
8.65,2.1,448.0,17.9,2.27,0.407,kimyasal
6.59,1.35,315.0,11.4,3.76,0.134,biyolojik
7.62,3.67,500.0,8.0,3.27,0.373,kimyasal
6.39,0.69,262.0,2.2,3.31,0.146,biyolojik
7.4,1.93,218.0,10.8,2.99,0.388,biyolojik
8.26,1.66,379.0,20.9,3.24,0.574,kimyasal
6.11,1.22,338.0,31.5,0.61,0.404,fiziksel
6.48,1.05,280.0,20.4,2.09,0.496,biyolojik
7.34,0.95,152.0,15.3,2.25,0.159,biyolojik
8.25,2.51,235.0,10.6,2.39,0.72,kimyasal
6.89,1.22,342.0,7.3,4.71,0.059,normal
7.73,1.53,288.0,60.0,3.52,1.0,fiziksel
9.02,3.78,166.0,0.3,2.23,0.337,kimyasal
8.67,1.8,296.0,12.8,2.91,0.281,kimyasal
6.44,1.5,303.0,23.5,0.5,0.585,fiziksel
7.52,0.61,245.0,28.6,2.49,0.416,biyolojik
8.06,2.79,231.0,19.2,3.09,0.5,kimyasal
6.09,2.41,59.0,26.5,3.29,0.512,biyolojik
6.92,1.73,386.0,0.9,4.04,0.129,normal
6.14,1.01,381.0,25.2,2.51,0.893,fiziksel
7.13,1.64,286.0,42.1,1.15,0.808,fiziksel
7.65,2.29,298.0,21.2,2.93,0.392,kimyasal
7.56,0.57,369.0,17.3,1.61,0.543,fiziksel
8.77,3.21,232.0,11.3,2.62,0.367,kimyasal
6.9,0.99,70.0,27.4,2.75,0.149,biyolojik
6.84,1.52,351.0,37.3,3.61,0.952,fiziksel
6.82,1.24,219.0,20.4,2.63,0.421,biyolojik
6.29,1.75,386.0,40.9,0.23,0.368,fiziksel
6.75,1.63,244.0,18.6,3.0,0.389,biyolojik
7.75,1.59,389.0,7.0,3.18,0.254,kimyasal
6.45,1.89,368.0,15.4,0.83,0.577,fiziksel
6.75,1.59,266.0,19.5,2.68,0.158,biyolojik
6.2,1.07,256.0,24.0,0.52,0.589,fiziksel
7.03,1.11,177.0,20.1,2.41,0.272,biyolojik
7.03,1.02,284.0,28.7,2.26,0.389,fiziksel
6.66,0.77,384.0,30.6,1.31,0.602,fiziksel
6.06,1.16,130.0,32.7,3.49,0.444,biyolojik
7.07,1.7,317.0,21.4,0.59,0.188,fiziksel
6.88,1.47,420.0,4.1,3.89,0.141,normal
7.9,0.86,375.0,58.5,2.95,0.8,fiziksel
7.29,1.26,305.0,28.7,3.35,0.293,fiziksel
7.61,1.31,362.0,3.4,2.55,0.491,kimyasal
6.56,0.74,404.0,43.0,1.01,0.25,fiziksel
5.57,1.03,192.0,28.1,3.68,0.441,biyolojik
6.92,0.81,85.0,17.8,3.34,0.42,biyolojik
8.96,4.11,376.0,0.0,2.33,0.562,kimyasal
7.14,1.69,450.0,60.0,2.78,0.938,fiziksel
5.95,1.74,200.0,16.7,3.45,0.19,biyolojik
8.23,2.44,205.0,8.3,2.0,0.5,kimyasal
7.24,1.61,286.0,40.7,1.83,0.536,fiziksel
6.95,1.36,245.0,2.9,3.55,0.02,normal
6.33,1.24,132.0,4.7,3.52,0.23,biyolojik
7.24,1.44,475.0,39.5,2.13,0.755,fiziksel
7.26,1.27,391.0,21.2,2.42,0.234,fiziksel
6.4,0.98,422.0,55.1,2.1,0.557,fiziksel
7.01,1.04,427.0,5.3,2.53,0.369,fiziksel
6.8,1.57,440.0,18.4,2.09,0.078,fiziksel
9.76,4.0,350.0,7.7,2.86,0.105,kimyasal
7.95,2.22,329.0,13.6,4.66,0.421,kimyasal
7.57,0.37,257.0,12.3,1.16,0.454,fiziksel
7.08,1.06,414.0,19.9,1.32,0.583,fiziksel
7.38,0.76,399.0,41.7,2.14,0.604,fiziksel
8.73,3.42,275.0,9.2,3.33,0.275,kimyasal
9.51,3.43,267.0,11.6,2.29,0.702,kimyasal
7.15,0.8,254.0,22.4,2.09,0.669,fiziksel
6.62,1.05,411.0,51.2,3.61,1.0,fiziksel
5.4,1.67,228.0,15.3,3.84,0.412,biyolojik
6.72,1.82,219.0,29.7,2.72,0.352,biyolojik
6.2,1.23,412.0,46.5,1.61,0.678,fiziksel
6.92,1.58,421.0,29.6,1.9,0.572,fiziksel
7.06,1.66,318.0,7.1,3.65,0.162,biyolojik
5.53,1.37,101.0,13.5,3.37,0.521,biyolojik
7.41,1.92,194.0,15.3,2.91,0.407,kimyasal
5.97,0.3,132.0,15.9,3.93,0.447,biyolojik
7.84,1.56,318.0,4.7,2.65,0.066,kimyasal
6.95,1.53,269.0,11.8,3.21,0.192,biyolojik
7.77,2.4,329.0,5.3,2.5,0.528,kimyasal
8.09,1.96,334.0,4.4,2.78,0.434,kimyasal
8.23,2.74,262.0,18.9,2.82,0.522,kimyasal
8.45,2.55,336.0,11.7,2.71,0.346,kimyasal
5.76,1.33,166.0,17.3,3.68,0.615,biyolojik
6.24,1.03,264.0,33.2,1.87,0.606,fiziksel
6.33,0.47,196.0,3.6,3.18,0.307,biyolojik
7.13,0.94,255.0,40.3,1.15,0.734,fiziksel
6.89,1.53,219.0,31.6,2.3,0.267,biyolojik
7.46,1.21,316.0,2.0,2.9,0.527,kimyasal
6.53,1.31,311.0,17.9,3.62,0.252,biyolojik
7.7,3.14,165.0,8.2,2.5,0.26,biyolojik
7.64,2.36,231.0,4.4,1.94,0.301,kimyasal
6.58,1.14,297.0,19.2,1.08,0.245,fiziksel
7.04,0.56,359.0,60.0,3.2,0.875,fiziksel
5.81,0.74,105.0,19.5,3.57,0.338,biyolojik
7.12,1.54,135.0,5.9,1.7,0.406,biyolojik
8.0,2.34,377.0,11.2,2.48,0.644,kimyasal
8.86,2.89,207.0,10.4,1.71,0.327,kimyasal
7.79,1.36,389.0,54.4,1.48,0.62,fiziksel
8.56,3.55,321.0,6.8,2.55,0.645,kimyasal
7.78,1.33,117.0,26.3,3.1,0.262,biyolojik
6.34,1.97,57.0,32.2,3.39,0.306,biyolojik
7.67,3.13,311.0,5.1,2.88,0.19,kimyasal
6.59,1.07,323.0,0.0,0.57,0.116,fiziksel
6.3,1.36,500.0,60.0,2.73,0.759,fiziksel
6.2,1.97,223.0,8.8,2.41,0.074,biyolojik
8.9,2.28,409.0,10.1,2.53,0.359,kimyasal
6.09,1.05,160.0,29.3,3.82,0.329,biyolojik
7.96,1.68,150.0,17.1,3.17,0.402,biyolojik
7.33,0.5,298.0,33.1,1.42,0.443,fiziksel
6.31,1.09,245.0,26.6,0.53,0.354,fiziksel
7.73,2.11,322.0,27.7,2.99,0.399,fiziksel
6.87,1.15,248.0,39.9,2.05,0.505,fiziksel
6.17,1.34,263.0,20.9,2.81,0.327,biyolojik
7.74,2.56,423.0,1.9,1.4,0.301,kimyasal
6.77,1.23,425.0,31.5,2.25,0.479,fiziksel
5.59,0.78,170.0,36.5,2.58,0.388,biyolojik
7.64,1.02,350.0,24.4,1.68,0.396,fiziksel
7.22,1.42,386.0,11.7,3.33,0.437,kimyasal
7.51,1.82,345.0,34.9,3.3,0.343,biyolojik
5.41,1.12,34.0,28.0,2.17,0.504,biyolojik
8.18,3.25,180.0,17.7,1.88,0.555,kimyasal
7.22,0.85,279.0,4.2,3.47,0.083,normal
6.77,1.08,348.0,31.7,2.28,0.65,fiziksel
6.85,1.1,255.0,19.6,3.5,0.332,biyolojik
7.81,2.44,353.0,11.4,4.1,0.095,kimyasal
6.74,1.42,315.0,44.6,3.32,0.472,biyolojik
8.79,3.78,146.0,0.0,2.34,0.288,kimyasal
7.76,1.86,311.0,0.0,4.19,0.097,normal
8.0,3.18,212.0,12.3,3.02,0.395,kimyasal
8.21,1.05,350.0,21.0,1.7,0.246,fiziksel
8.03,4.5,376.0,19.5,3.08,0.444,kimyasal
6.75,1.32,432.0,41.4,1.74,0.806,fiziksel
7.46,1.93,313.0,18.3,2.77,0.32,biyolojik
6.53,1.32,131.0,35.9,2.75,0.492,biyolojik
7.37,0.96,373.0,6.0,4.05,0.116,normal
6.59,1.66,129.0,5.2,2.91,0.5,biyolojik
7.07,1.61,361.0,60.0,3.15,1.0,fiziksel
7.4,0.91,407.0,30.2,2.05,0.599,fiziksel
7.21,1.13,334.0,34.0,1.83,0.498,fiziksel
5.78,1.31,136.0,26.1,2.32,0.243,biyolojik
7.69,2.17,221.0,7.1,2.69,0.382,kimyasal
7.37,1.76,343.0,24.4,1.32,0.552,fiziksel
6.44,1.22,368.0,0.0,2.32,0.353,biyolojik
6.49,2.2,157.0,34.0,2.86,0.406,biyolojik
7.18,1.09,361.0,40.5,2.0,0.611,fiziksel
6.66,1.59,384.0,32.3,1.61,0.727,fiziksel
7.55,1.03,351.0,9.3,1.8,0.478,kimyasal
6.68,0.83,201.0,24.7,2.69,0.331,biyolojik
7.08,0.82,284.0,10.4,2.97,0.231,biyolojik
7.07,1.76,150.0,30.1,2.57,0.278,biyolojik
7.68,1.81,31.0,7.3,3.13,0.065,biyolojik
6.33,1.72,414.0,54.9,0.81,0.806,fiziksel
6.26,2.01,120.0,27.0,2.59,0.465,biyolojik
6.36,0.86,291.0,9.0,1.91,0.156,biyolojik
7.66,0.82,326.0,36.5,0.76,0.263,fiziksel
5.77,0.43,280.0,4.3,2.65,0.264,biyolojik
6.61,0.82,152.0,24.3,2.94,0.369,biyolojik
6.57,1.38,-13.0,44.6,3.36,0.413,biyolojik
8.48,1.21,293.0,38.5,1.94,0.116,fiziksel
6.73,1.07,228.0,21.2,2.82,0.942,fiziksel
7.64,1.85,232.0,4.7,3.13,0.183,biyolojik
7.58,2.39,212.0,16.3,3.06,0.459,biyolojik
8.05,3.46,335.0,15.7,2.8,0.313,kimyasal
8.43,1.64,211.0,11.7,3.12,0.417,kimyasal
6.96,1.04,331.0,44.2,1.71,0.583,fiziksel
7.41,3.38,205.0,9.3,2.82,0.53,kimyasal
7.32,0.63,342.0,0.5,4.18,0.08,normal
6.81,2.27,255.0,8.3,2.75,0.261,kimyasal
6.84,1.54,166.0,12.7,3.42,0.076,biyolojik
7.52,1.0,107.0,14.0,2.5,0.27,biyolojik
6.64,1.81,225.0,22.1,2.36,0.258,biyolojik
6.85,1.3,288.0,45.6,2.89,0.943,fiziksel
8.04,1.82,325.0,27.5,2.23,0.464,fiziksel
8.56,3.53,206.0,0.0,1.88,0.223,kimyasal
6.5,0.6,381.0,4.3,3.48,0.16,normal
6.5,1.97,128.0,13.4,3.36,0.234,biyolojik
8.8,3.73,255.0,13.4,2.14,0.58,kimyasal
8.67,4.19,294.0,8.5,2.35,0.466,kimyasal
6.62,1.33,486.0,47.3,3.05,0.636,fiziksel
7.54,1.78,293.0,0.6,3.74,0.451,biyolojik
7.5,1.81,133.0,8.7,3.54,0.397,biyolojik
7.7,2.03,399.0,3.9,2.99,0.318,normal
7.05,0.86,335.0,18.4,2.44,0.589,fiziksel
7.63,0.99,410.0,2.1,3.11,0.088,normal
9.07,3.52,324.0,0.0,3.36,0.148,kimyasal
7.31,1.26,300.0,3.0,3.98,0.026,normal
6.12,1.93,296.0,0.0,2.77,0.024,biyolojik
7.07,1.68,410.0,38.3,2.8,0.457,fiziksel
5.95,1.88,137.0,18.9,3.12,0.536,biyolojik
8.77,4.07,363.0,4.1,1.65,0.301,kimyasal
8.68,3.42,362.0,10.2,3.36,0.622,kimyasal
6.94,1.49,252.0,29.2,3.54,0.413,biyolojik
6.11,1.46,257.0,34.7,2.77,0.391,biyolojik
6.39,1.41,407.0,4.9,3.82,0.161,normal
7.49,2.45,280.0,11.3,2.42,0.23,kimyasal
6.47,1.61,173.0,32.1,3.83,0.209,biyolojik
7.78,1.47,351.0,60.0,1.73,0.593,fiziksel
6.89,0.92,333.0,30.2,1.65,0.612,fiziksel
8.83,2.25,339.0,15.8,2.11,0.313,kimyasal
7.65,1.19,338.0,6.6,4.58,0.156,normal
6.86,1.68,316.0,34.7,1.5,0.339,fiziksel
7.24,1.6,382.0,21.0,2.14,0.436,kimyasal
7.92,1.21,302.0,21.0,1.91,0.81,fiziksel
7.9,3.41,362.0,13.6,3.32,0.436,kimyasal
6.94,1.19,387.0,39.4,0.2,1.0,fiziksel
7.36,0.76,359.0,31.2,1.9,0.635,fiziksel
6.67,0.86,289.0,47.2,2.84,0.998,fiziksel
7.75,2.03,344.0,10.6,3.64,0.232,kimyasal
6.46,1.35,59.0,8.3,1.95,0.406,biyolojik
6.55,0.58,-26.0,18.8,2.59,0.277,biyolojik
7.93,2.23,110.0,18.9,3.02,0.417,biyolojik
6.96,2.4,296.0,12.1,3.44,0.497,kimyasal
6.81,2.41,212.0,26.1,3.06,0.295,biyolojik
7.81,1.54,381.0,29.6,1.69,0.743,fiziksel
8.07,2.86,216.0,5.3,1.63,0.428,kimyasal
6.4,0.74,301.0,0.0,3.88,0.332,biyolojik
8.13,1.03,429.0,33.9,2.25,0.593,fiziksel
7.14,1.89,403.0,2.1,4.11,0.028,normal
6.7,1.33,122.0,38.7,3.0,0.28,biyolojik
7.42,1.23,303.0,37.6,1.74,0.73,fiziksel
6.5,0.74,396.0,12.8,2.63,0.145,biyolojik
5.43,1.11,188.0,26.5,2.58,0.111,biyolojik
6.92,1.67,158.0,16.0,4.1,0.339,biyolojik
8.69,4.41,456.0,17.3,2.31,0.622,kimyasal
6.41,1.97,222.0,14.4,3.48,0.531,biyolojik
7.6,2.42,206.0,0.0,1.93,0.547,kimyasal
7.58,1.22,297.0,33.8,1.8,0.542,fiziksel
6.02,1.46,130.0,26.8,2.37,0.406,biyolojik
7.83,2.52,253.0,12.9,3.12,0.432,kimyasal
7.73,2.52,281.0,10.7,2.48,0.601,kimyasal
7.8,1.19,429.0,14.7,2.13,0.232,fiziksel
6.72,2.03,32.0,32.0,3.58,0.214,biyolojik
6.67,1.28,345.0,5.9,4.06,0.128,normal
6.28,0.61,296.0,57.9,2.98,0.87,fiziksel
6.63,0.65,299.0,3.5,3.89,0.072,normal
7.1,1.69,407.0,40.3,1.92,0.66,fiziksel
5.66,2.49,237.0,22.9,3.46,0.448,biyolojik
7.28,1.35,464.0,10.1,0.75,0.297,fiziksel
7.68,1.79,216.0,21.8,2.06,0.728,kimyasal
7.14,2.08,303.0,7.0,3.33,0.308,normal
7.47,1.96,230.0,6.8,2.31,0.407,kimyasal
7.04,2.3,126.0,7.2,2.41,0.545,biyolojik
5.35,1.24,194.0,17.3,3.38,0.519,biyolojik
7.88,1.04,345.0,24.4,1.3,0.233,fiziksel
8.13,4.1,345.0,7.9,1.77,0.032,kimyasal
6.6,1.11,294.0,15.3,2.8,0.489,fiziksel
6.71,1.29,500.0,35.8,1.24,0.404,fiziksel
6.59,1.38,250.0,41.2,1.69,0.426,fiziksel
7.62,1.55,279.0,5.3,2.79,0.293,kimyasal
8.16,2.1,446.0,20.4,2.96,0.59,kimyasal
8.12,2.15,336.0,22.1,2.3,0.683,fiziksel
8.16,2.58,233.0,21.2,3.64,0.415,kimyasal
7.08,1.92,342.0,45.4,3.01,1.0,fiziksel
6.62,1.21,311.0,47.6,2.75,0.808,fiziksel
8.58,3.15,278.0,0.0,2.79,0.587,kimyasal
7.34,1.55,170.0,51.2,3.07,0.609,fiziksel
7.07,1.39,259.0,30.6,2.72,0.529,biyolojik
7.3,1.01,409.0,0.4,4.08,0.093,normal
7.67,2.15,356.0,7.2,2.89,0.357,kimyasal
7.53,2.3,358.0,23.2,1.43,0.56,fiziksel
6.13,1.29,210.0,7.8,4.13,0.034,normal
6.78,0.46,304.0,6.1,4.22,0.164,normal
7.47,2.13,280.0,17.1,3.11,0.323,biyolojik
6.01,1.63,373.0,19.2,1.27,0.601,fiziksel
6.71,1.57,178.0,48.2,2.58,1.0,fiziksel
6.68,1.2,364.0,26.7,0.69,0.627,fiziksel
8.93,2.62,280.0,3.9,2.78,0.457,kimyasal
8.23,3.22,162.0,13.6,2.73,0.244,kimyasal
6.78,1.14,383.0,13.1,2.97,0.257,normal
6.89,1.19,408.0,17.6,0.37,0.344,fiziksel
5.63,1.38,392.0,48.9,3.9,1.0,fiziksel
8.77,1.78,322.0,9.8,2.19,0.661,kimyasal
7.98,2.85,302.0,10.0,3.1,0.066,kimyasal
7.72,0.93,500.0,1.2,4.44,0.225,normal
7.46,1.61,334.0,58.0,2.76,0.589,fiziksel
6.67,1.21,423.0,13.8,1.09,0.472,fiziksel
6.46,1.67,195.0,18.9,2.77,0.213,biyolojik
7.41,1.23,439.0,60.0,1.89,0.576,fiziksel
5.9,0.3,77.0,15.2,3.35,0.149,biyolojik
7.58,1.9,50.0,16.3,2.1,0.066,biyolojik
5.64,1.27,165.0,27.3,2.11,0.238,biyolojik
7.68,0.97,360.0,0.8,3.73,0.211,normal
6.46,1.03,270.0,12.9,3.07,0.298,biyolojik
7.14,1.27,330.0,39.7,0.21,0.705,fiziksel
6.2,2.66,309.0,9.9,2.86,0.299,biyolojik
6.81,1.62,181.0,25.4,3.87,0.261,biyolojik
6.3,1.3,32.0,26.0,3.8,0.355,biyolojik
7.87,3.0,270.0,11.9,3.22,0.161,kimyasal
6.6,1.38,409.0,18.1,0.29,0.599,fiziksel
6.61,1.42,285.0,32.7,2.96,0.405,fiziksel
7.49,0.96,308.0,37.3,1.59,0.582,fiziksel
7.65,0.61,382.0,44.2,2.31,0.217,fiziksel
6.59,1.54,366.0,7.7,3.86,0.083,normal
7.15,1.04,425.0,20.9,1.95,0.744,fiziksel
6.85,1.66,439.0,3.4,4.23,0.029,normal
7.63,1.71,196.0,7.0,2.73,0.444,kimyasal
6.21,1.64,318.0,6.5,3.35,0.091,biyolojik
7.44,2.13,224.0,13.2,1.58,0.201,kimyasal
7.14,0.51,456.0,41.9,1.49,0.537,fiziksel
7.71,2.24,343.0,8.1,2.39,0.492,kimyasal
6.96,0.89,279.0,49.4,1.95,0.342,fiziksel
6.93,0.75,189.0,28.3,3.39,0.317,biyolojik
8.6,4.21,152.0,12.3,2.59,0.288,kimyasal
8.47,1.95,252.0,14.0,1.81,0.236,kimyasal
7.2,0.62,187.0,30.6,2.83,0.718,fiziksel
7.36,1.06,343.0,7.0,3.14,0.286,kimyasal
7.7,4.0,410.0,10.6,3.26,0.42,kimyasal
7.29,1.01,245.0,33.7,2.04,1.0,fiziksel
8.04,2.06,268.0,23.6,2.42,0.432,kimyasal
6.3,1.22,263.0,2.0,5.0,0.131,normal
7.49,1.4,112.0,29.1,2.43,0.688,biyolojik
7.15,1.87,387.0,50.0,2.96,0.562,fiziksel
7.38,1.05,336.0,29.4,3.0,0.594,fiziksel
7.85,1.51,290.0,1.1,2.56,0.584,kimyasal
7.91,0.67,350.0,27.5,0.43,0.45,fiziksel
6.04,2.42,175.0,11.9,3.25,0.481,biyolojik
7.3,0.92,291.0,15.7,1.88,0.353,kimyasal
6.68,1.24,342.0,11.2,1.69,0.239,fiziksel
8.33,2.39,365.0,9.3,1.63,0.485,kimyasal
6.73,1.24,313.0,52.0,2.4,0.967,fiziksel
7.2,1.23,254.0,21.6,1.13,0.445,fiziksel
6.8,0.87,245.0,1.2,2.42,0.18,biyolojik
6.04,1.23,271.0,8.1,3.36,0.113,normal
8.62,2.17,297.0,9.5,2.77,0.203,kimyasal
7.49,2.0,289.0,38.1,2.58,0.615,fiziksel
6.81,1.25,301.0,14.1,2.42,0.293,fiziksel
6.82,0.55,355.0,5.2,4.04,0.034,normal
9.04,4.2,201.0,7.6,2.28,0.271,kimyasal
7.52,0.93,333.0,42.7,2.06,0.912,fiziksel
6.52,1.04,500.0,60.0,3.82,0.848,fiziksel
6.46,1.03,297.0,20.5,2.21,0.442,biyolojik
5.74,1.82,223.0,22.5,3.31,0.126,biyolojik
8.61,2.46,198.0,3.9,2.67,0.575,kimyasal
7.83,3.25,222.0,8.7,2.57,0.668,kimyasal
7.03,1.76,214.0,3.7,2.63,0.418,biyolojik
8.05,0.46,401.0,4.0,3.32,0.02,normal
8.75,4.45,224.0,14.6,2.54,0.49,kimyasal
8.22,2.2,376.0,8.8,2.07,0.172,kimyasal
6.75,1.17,467.0,47.3,3.42,0.936,fiziksel
8.61,2.34,359.0,5.7,2.31,0.447,kimyasal
6.6,1.52,39.0,30.2,2.48,0.387,biyolojik
8.97,2.67,342.0,12.2,3.16,0.522,kimyasal
7.42,0.8,321.0,23.6,2.03,0.461,fiziksel
7.3,0.99,493.0,34.4,0.82,0.306,fiziksel
7.66,2.02,296.0,2.7,3.99,0.189,normal
7.54,0.84,377.0,24.1,1.82,0.575,fiziksel
7.79,1.51,457.0,32.3,1.72,0.797,fiziksel
7.57,0.3,353.0,60.0,1.86,0.738,fiziksel
8.74,2.7,187.0,7.1,2.49,0.426,kimyasal
6.83,1.01,357.0,44.4,2.58,0.557,fiziksel
6.93,1.05,479.0,42.5,1.45,0.394,fiziksel
6.97,0.71,340.0,29.4,1.57,0.688,fiziksel
7.67,1.2,322.0,29.4,1.96,0.587,fiziksel
6.59,1.44,267.0,35.9,3.49,0.4,biyolojik
8.8,3.94,310.0,12.5,2.26,0.328,kimyasal
6.59,1.03,378.0,44.4,2.39,0.641,fiziksel
7.41,0.96,329.0,44.5,2.57,0.733,fiziksel
7.62,0.94,114.0,13.6,3.25,0.422,biyolojik
7.77,1.35,365.0,1.8,2.86,0.273,kimyasal
7.38,1.57,172.0,46.0,2.3,0.779,fiziksel
7.95,2.32,340.0,7.4,2.56,0.417,kimyasal
7.98,1.52,370.0,23.9,0.92,0.325,fiziksel
6.53,1.14,448.0,47.3,2.86,0.782,fiziksel
6.95,1.14,493.0,8.8,1.46,0.462,fiziksel
8.36,2.82,278.0,3.9,2.78,0.269,kimyasal
6.69,1.3,244.0,15.9,3.88,0.276,biyolojik
7.66,2.02,392.0,13.0,2.54,0.219,kimyasal
6.67,1.23,294.0,21.9,2.76,0.388,biyolojik
5.78,1.39,179.0,15.7,3.59,0.261,biyolojik
6.95,1.58,306.0,28.8,2.46,0.378,fiziksel
7.18,2.41,336.0,17.2,2.72,0.435,kimyasal
7.85,3.28,262.0,10.5,2.19,0.446,kimyasal
7.8,1.75,196.0,5.5,3.56,0.414,biyolojik
7.94,1.82,310.0,14.1,0.61,0.3,kimyasal
6.97,1.26,226.0,13.8,2.1,0.287,biyolojik
6.45,2.05,258.0,26.7,2.29,0.259,biyolojik
6.54,2.15,351.0,12.4,1.41,0.442,kimyasal
6.67,2.91,226.0,18.0,3.58,0.371,biyolojik
7.95,0.75,337.0,30.1,0.22,0.677,fiziksel
8.12,2.57,437.0,14.7,2.91,0.404,kimyasal
6.72,1.86,131.0,12.6,2.47,0.292,biyolojik
6.23,1.45,128.0,0.9,3.09,0.314,biyolojik
8.0,2.35,236.0,4.8,2.01,0.378,kimyasal
6.45,1.95,131.0,12.5,2.72,0.234,biyolojik
6.12,1.16,404.0,35.6,1.07,0.415,fiziksel
7.0,0.79,227.0,14.7,3.39,0.343,biyolojik
6.3,1.62,446.0,3.2,3.71,0.102,normal
7.23,1.85,320.0,49.1,3.08,0.811,fiziksel
9.0,3.22,448.0,9.9,2.67,0.325,kimyasal
6.85,1.68,407.0,4.0,4.22,0.098,normal
7.83,1.37,492.0,4.2,4.11,0.156,normal
6.89,1.27,396.0,42.5,2.47,0.647,fiziksel
6.53,2.08,259.0,18.6,3.45,0.345,biyolojik
8.1,2.25,270.0,5.0,2.68,0.684,kimyasal
6.08,0.74,55.0,17.2,2.55,0.078,biyolojik
8.69,2.07,367.0,1.8,2.18,0.239,kimyasal
7.12,1.75,327.0,56.2,2.12,0.413,fiziksel
7.43,1.95,437.0,17.2,2.39,0.455,fiziksel
5.84,0.47,252.0,13.9,1.9,0.3,biyolojik
7.08,1.86,393.0,12.4,1.36,0.251,biyolojik
6.94,0.85,257.0,6.2,3.0,0.02,biyolojik
5.81,1.3,59.0,11.9,2.49,0.067,biyolojik
8.87,3.47,256.0,8.5,2.9,0.176,kimyasal
6.78,1.3,361.0,29.3,1.62,0.634,fiziksel
6.01,1.19,229.0,22.3,2.96,0.418,biyolojik
7.8,1.8,279.0,3.3,2.58,0.528,kimyasal
6.6,0.97,463.0,20.6,1.27,0.332,fiziksel
7.34,0.61,152.0,40.5,2.92,0.7,fiziksel
4.99,1.57,126.0,36.6,2.41,0.304,biyolojik
7.25,1.08,229.0,17.8,2.73,0.379,biyolojik
7.72,1.32,333.0,1.4,2.74,0.062,kimyasal
7.92,1.57,438.0,19.7,1.66,0.386,fiziksel
7.84,2.94,339.0,16.2,2.14,0.251,kimyasal
7.01,1.05,382.0,1.8,4.79,0.124,normal
7.26,1.02,329.0,36.2,0.59,0.635,fiziksel
8.7,3.19,388.0,10.5,2.87,0.447,kimyasal
7.23,1.18,117.0,46.3,1.27,0.691,fiziksel
7.3,1.69,285.0,0.0,2.54,0.336,kimyasal
6.04,2.04,131.0,34.6,3.86,0.49,biyolojik
6.88,0.83,374.0,9.6,0.42,0.227,fiziksel
6.32,1.69,300.0,27.2,3.4,0.426,biyolojik
6.09,2.23,3.0,10.1,2.52,0.222,biyolojik
5.8,1.36,446.0,3.2,3.53,0.154,normal
7.56,1.33,300.0,38.8,3.41,0.259,biyolojik
6.8,1.32,364.0,3.5,4.44,0.178,normal
5.95,0.99,182.0,16.0,3.15,0.274,biyolojik
6.46,1.55,387.0,16.8,1.35,0.635,fiziksel
6.88,1.02,350.0,40.8,2.76,0.783,fiziksel
8.18,3.86,345.0,6.5,2.17,0.535,kimyasal
6.05,1.5,293.0,34.7,2.33,0.935,fiziksel
7.18,1.91,353.0,24.3,1.46,0.573,fiziksel
8.34,3.37,289.0,9.6,2.21,0.376,kimyasal
7.83,2.07,327.0,7.6,2.47,0.362,kimyasal
7.82,2.19,406.0,17.0,1.81,0.308,kimyasal
7.3,2.41,173.0,23.3,3.56,0.316,biyolojik
5.96,1.54,76.0,34.4,3.6,0.38,biyolojik
7.14,1.58,393.0,11.6,3.13,0.368,kimyasal
7.6,1.49,390.0,16.6,2.25,0.502,kimyasal
7.03,0.53,370.0,0.0,4.36,0.105,normal
6.56,2.15,327.0,36.6,2.0,0.02,biyolojik
8.19,3.14,204.0,8.1,2.77,0.268,kimyasal
7.1,2.18,340.0,38.9,4.6,0.61,biyolojik
6.83,1.47,263.0,9.6,3.16,0.572,kimyasal
7.99,2.08,292.0,0.0,2.92,0.43,kimyasal
7.29,1.54,88.0,21.1,2.74,0.252,biyolojik
5.74,1.71,105.0,18.5,2.77,0.317,biyolojik
6.5,1.49,335.0,17.5,1.93,0.664,fiziksel
6.98,1.02,421.0,7.0,2.15,0.104,kimyasal
6.51,1.23,342.0,14.1,3.97,0.242,biyolojik
7.63,3.1,151.0,22.3,2.52,0.231,kimyasal
8.55,1.67,371.0,8.6,1.44,0.406,kimyasal
7.47,1.18,432.0,32.3,3.32,0.734,fiziksel
7.23,1.24,380.0,41.2,1.72,0.655,fiziksel
8.06,1.15,343.0,42.7,1.56,0.58,fiziksel
8.2,3.2,178.0,9.1,2.66,0.55,kimyasal
7.29,2.51,291.0,15.9,2.55,0.772,kimyasal
7.66,1.09,323.0,11.9,1.02,0.234,fiziksel
5.86,0.3,153.0,20.5,2.38,0.388,biyolojik
5.53,0.44,47.0,12.9,2.88,0.095,biyolojik
8.06,1.91,199.0,12.0,1.93,0.623,kimyasal
7.44,1.42,318.0,34.9,2.6,0.533,biyolojik
7.8,1.94,319.0,23.3,2.78,0.341,kimyasal
8.54,1.51,500.0,21.6,1.27,0.497,fiziksel
8.88,3.0,462.0,10.6,3.09,0.234,kimyasal
6.74,0.88,331.0,50.4,2.02,0.723,fiziksel
7.94,2.02,142.0,12.4,1.85,0.692,kimyasal
6.53,1.76,117.0,22.7,2.98,0.369,biyolojik
5.69,0.56,162.0,30.5,3.06,0.451,biyolojik
6.55,1.48,330.0,33.8,2.58,0.497,biyolojik
8.29,3.59,329.0,15.3,2.28,0.425,kimyasal
7.56,1.24,245.0,19.1,2.35,0.418,fiziksel
7.93,1.16,312.0,32.2,2.2,0.424,biyolojik
6.82,1.05,352.0,33.4,2.75,0.527,fiziksel
8.46,1.23,293.0,1.1,3.06,0.449,kimyasal
6.55,1.73,206.0,28.1,3.43,0.353,biyolojik
6.99,1.47,312.0,39.5,0.49,0.781,fiziksel
7.65,1.35,363.0,36.0,2.6,0.766,fiziksel
5.81,0.61,297.0,36.0,2.45,0.999,fiziksel
6.37,1.3,270.0,46.9,2.75,0.652,fiziksel
6.58,1.05,418.0,0.0,3.83,0.193,normal
8.52,1.1,304.0,25.5,2.54,1.0,fiziksel
6.31,1.35,120.0,31.9,3.38,0.333,biyolojik
6.35,0.58,374.0,2.7,3.28,0.187,normal
7.64,2.93,438.0,12.6,1.79,0.16,kimyasal
8.48,3.1,376.0,7.3,1.77,0.23,kimyasal
6.93,1.08,332.0,23.5,1.84,0.454,fiziksel
6.3,1.11,290.0,13.1,1.13,0.512,fiziksel
6.93,0.55,424.0,37.2,0.52,0.483,fiziksel
6.62,1.78,207.0,14.2,2.29,0.102,biyolojik
8.73,2.55,285.0,9.1,2.77,0.417,kimyasal
6.74,1.6,440.0,18.2,1.56,0.207,fiziksel
6.47,2.04,133.0,19.3,3.24,0.509,biyolojik
8.14,1.08,462.0,45.6,3.49,1.0,fiziksel
8.74,1.59,282.0,9.8,2.54,0.278,kimyasal
7.71,0.89,459.0,36.3,2.7,0.448,fiziksel
7.82,1.93,13.0,11.7,3.44,0.349,biyolojik
6.25,2.8,209.0,12.9,2.7,0.309,biyolojik
7.58,1.65,217.0,20.5,2.22,0.205,biyolojik
8.7,2.94,282.0,12.5,2.45,0.402,kimyasal
7.76,1.56,334.0,14.6,2.97,0.485,kimyasal
7.1,1.08,241.0,23.7,3.47,0.556,biyolojik
7.51,1.3,32.0,5.7,2.18,0.247,biyolojik
6.4,2.2,174.0,28.8,2.73,0.369,biyolojik
7.29,1.2,323.0,27.3,1.9,0.712,fiziksel
6.47,0.66,316.0,4.8,4.01,0.021,normal
6.21,1.76,-50.0,25.2,2.75,0.382,biyolojik
6.43,2.15,152.0,16.7,3.01,0.266,biyolojik
7.0,0.65,445.0,29.3,1.58,0.262,fiziksel
6.59,0.62,339.0,31.2,0.89,0.213,fiziksel
7.21,1.76,180.0,3.0,1.99,0.383,biyolojik
8.15,3.57,422.0,19.1,3.83,0.603,kimyasal
7.12,0.79,427.0,30.5,1.84,0.521,fiziksel
6.49,0.68,306.0,1.4,3.18,0.1,normal
6.49,1.32,254.0,16.4,2.41,0.335,biyolojik
6.42,1.13,107.0,16.2,3.6,0.28,biyolojik
6.67,1.69,129.0,20.7,2.32,0.448,biyolojik
8.14,0.76,65.0,25.3,2.75,0.322,biyolojik
7.92,0.91,265.0,20.1,2.56,0.115,biyolojik
6.36,1.33,138.0,15.5,1.82,0.359,biyolojik
7.68,1.34,463.0,31.7,1.66,0.716,fiziksel
6.89,1.57,243.0,10.0,1.97,0.286,fiziksel
7.0,1.12,405.0,21.6,2.64,0.462,fiziksel
8.12,2.31,378.0,14.3,1.71,0.224,kimyasal
7.05,0.95,479.0,0.0,4.62,0.112,normal
7.27,2.34,207.0,8.5,2.81,0.377,kimyasal
6.72,1.38,208.0,14.9,2.95,0.103,biyolojik
7.35,0.39,330.0,0.2,4.53,0.101,normal
5.67,0.41,106.0,6.5,2.89,0.165,biyolojik
6.53,1.09,335.0,38.1,2.29,0.841,fiziksel
6.84,1.47,429.0,34.5,2.02,0.861,fiziksel
6.46,1.53,358.0,5.7,4.17,0.127,normal
7.2,1.57,388.0,38.5,2.14,0.91,fiziksel
8.16,1.99,411.0,21.9,2.25,0.635,kimyasal
7.36,0.79,375.0,34.6,0.92,0.189,fiziksel
6.48,1.25,132.0,4.8,2.9,0.206,biyolojik
6.81,0.96,160.0,9.4,3.16,0.258,biyolojik
7.51,2.74,217.0,4.4,2.76,0.156,kimyasal
5.82,2.43,291.0,12.6,2.18,0.183,biyolojik
6.67,1.54,255.0,31.2,2.79,0.76,fiziksel
5.29,1.26,184.0,31.5,3.3,0.177,biyolojik
6.48,0.79,193.0,19.2,3.29,0.422,biyolojik
6.93,1.05,382.0,2.4,3.79,0.051,normal
6.91,1.81,185.0,21.0,2.34,0.24,biyolojik
5.78,0.67,273.0,32.4,3.26,0.432,biyolojik
6.57,0.93,229.0,29.5,2.74,0.107,biyolojik
6.83,0.99,247.0,33.8,1.58,0.742,fiziksel
9.34,2.5,453.0,13.5,3.19,0.569,kimyasal
6.74,1.46,294.0,12.7,2.84,0.296,biyolojik
8.24,2.77,290.0,0.0,2.2,0.134,kimyasal
7.33,1.58,83.0,19.2,1.65,0.414,biyolojik
6.04,0.89,359.0,60.0,2.67,0.512,fiziksel
6.17,1.26,325.0,40.9,0.77,0.91,fiziksel
7.68,0.73,330.0,40.7,1.79,0.517,fiziksel
7.04,1.24,350.0,60.0,2.81,1.0,fiziksel
6.76,1.52,322.0,0.0,1.4,0.644,fiziksel
7.79,2.88,301.0,9.5,1.38,0.319,kimyasal
8.63,1.26,256.0,7.0,2.6,0.374,biyolojik
7.35,1.8,441.0,3.8,2.31,0.628,kimyasal
6.35,1.45,269.0,12.2,3.53,0.179,biyolojik
7.78,2.43,393.0,25.9,2.16,0.409,fiziksel
8.29,3.06,382.0,9.3,2.56,0.253,kimyasal
7.86,2.44,344.0,7.8,3.07,0.699,kimyasal
6.45,1.03,252.0,30.6,2.43,0.845,fiziksel
6.87,2.39,96.0,20.6,2.37,0.195,biyolojik
6.76,1.1,339.0,28.9,1.53,0.824,fiziksel
7.68,1.63,370.0,11.6,1.59,0.657,fiziksel
6.25,0.55,317.0,48.0,1.17,0.467,fiziksel
7.66,1.75,368.0,3.2,3.55,0.252,normal
6.86,0.36,287.0,3.5,0.5,0.361,fiziksel
6.77,1.16,187.0,19.4,0.69,0.826,fiziksel
6.34,0.77,196.0,21.5,4.18,0.52,biyolojik
6.98,1.66,153.0,29.8,2.81,0.45,biyolojik
6.54,1.65,123.0,43.7,3.18,0.381,biyolojik
9.15,4.16,292.0,17.3,2.46,0.42,kimyasal
7.79,2.25,295.0,14.7,2.49,0.586,kimyasal
7.01,2.94,265.0,19.4,2.62,0.337,biyolojik
5.96,1.61,215.0,21.0,2.68,0.185,biyolojik
6.04,0.86,147.0,20.1,2.78,0.332,biyolojik
6.98,1.72,-13.0,11.6,3.42,0.257,biyolojik
7.16,1.01,462.0,43.6,1.82,0.212,fiziksel
9.04,2.59,236.0,13.1,1.76,0.11,kimyasal
6.81,1.28,329.0,18.6,1.9,0.167,fiziksel
6.28,1.49,157.0,5.7,3.49,0.364,biyolojik
8.53,1.94,363.0,3.1,2.57,0.388,kimyasal
7.25,1.31,260.0,6.0,3.1,0.599,biyolojik
7.28,1.52,321.0,19.7,3.16,0.808,fiziksel
7.65,0.3,413.0,21.4,2.08,0.754,fiziksel
6.73,1.7,281.0,26.3,1.95,0.503,fiziksel
6.12,1.18,104.0,17.7,3.03,0.26,biyolojik
6.77,0.89,75.0,29.2,3.55,0.426,biyolojik
7.21,1.45,115.0,31.8,2.73,0.318,biyolojik
6.81,0.58,140.0,15.2,2.83,0.291,biyolojik
7.23,1.51,357.0,47.7,2.58,0.418,fiziksel
6.15,0.85,293.0,1.7,3.46,0.213,biyolojik
4.91,1.01,187.0,8.4,3.31,0.253,biyolojik
8.87,2.88,357.0,8.0,3.72,0.371,kimyasal
6.6,1.19,273.0,25.4,2.2,0.436,fiziksel
7.38,0.87,241.0,35.0,1.65,0.791,fiziksel
6.95,1.4,338.0,24.9,1.94,0.653,fiziksel
7.22,2.2,196.0,27.6,3.14,0.455,biyolojik
7.44,1.35,320.0,12.9,1.37,0.45,kimyasal
6.89,0.75,337.0,8.7,2.76,0.299,biyolojik
8.48,3.48,369.0,8.0,3.19,0.242,kimyasal
7.49,1.02,167.0,50.8,2.41,0.84,fiziksel
7.84,2.61,283.0,3.4,3.15,0.291,kimyasal
6.84,1.1,226.0,19.0,3.62,0.289,biyolojik
7.65,1.8,258.0,15.2,3.27,0.34,kimyasal
8.69,3.5,350.0,21.1,3.46,0.424,kimyasal
6.12,1.02,500.0,29.8,1.04,0.718,fiziksel
6.25,1.25,428.0,34.0,2.01,0.463,fiziksel
8.26,3.5,301.0,6.6,2.46,0.434,kimyasal
7.67,0.3,362.0,35.3,1.38,0.599,fiziksel
7.58,0.48,478.0,39.2,2.12,0.775,fiziksel
6.9,1.68,484.0,2.3,4.07,0.156,normal
7.94,3.68,429.0,9.3,2.64,0.423,kimyasal
6.9,1.84,425.0,35.0,1.71,0.787,fiziksel
6.5,0.94,199.0,27.6,1.51,0.288,fiziksel
6.6,1.48,393.0,36.5,2.16,0.827,fiziksel
8.17,1.57,186.0,16.9,1.81,0.508,kimyasal
7.47,2.18,185.0,11.8,3.05,0.356,kimyasal
7.23,1.19,165.0,17.2,2.51,0.244,biyolojik
7.42,0.8,170.0,24.1,2.57,0.471,biyolojik
7.73,2.13,367.0,25.0,2.67,0.5,fiziksel
5.22,2.18,61.0,7.5,3.24,0.333,biyolojik
7.4,0.96,70.0,37.3,4.35,0.497,biyolojik
7.8,0.94,198.0,17.6,3.42,0.075,biyolojik
6.96,1.49,370.0,17.1,3.87,0.372,fiziksel
7.31,0.68,367.0,5.9,4.56,0.099,normal
6.45,0.62,435.0,22.1,2.94,0.063,biyolojik
6.62,1.82,305.0,40.8,2.41,1.0,fiziksel
7.46,2.26,325.0,9.4,1.93,0.444,kimyasal
7.33,0.84,193.0,13.0,2.34,0.592,kimyasal
6.94,0.72,407.0,4.3,3.64,0.22,normal
6.72,1.64,55.0,20.9,3.66,0.499,biyolojik
6.43,1.69,222.0,18.8,2.87,0.176,biyolojik
8.63,2.55,300.0,16.6,1.74,0.305,kimyasal
7.27,2.21,387.0,18.0,2.63,0.428,biyolojik
7.32,0.66,299.0,33.3,2.67,0.451,fiziksel
6.97,1.11,420.0,0.1,3.86,0.063,normal
6.55,1.25,446.0,45.7,2.24,0.242,fiziksel
7.35,1.44,363.0,19.7,2.31,0.296,kimyasal
7.36,0.88,392.0,1.2,3.96,0.143,normal
5.58,1.58,219.0,4.8,3.25,0.112,biyolojik
6.33,1.39,372.0,37.2,1.09,0.38,fiziksel
7.96,2.61,212.0,11.4,2.64,0.322,biyolojik
7.7,1.68,334.0,11.5,2.79,0.362,biyolojik
8.86,2.05,271.0,5.2,2.03,0.44,kimyasal
8.29,3.92,412.0,19.7,3.08,0.67,kimyasal
8.11,0.56,372.0,31.9,1.25,0.365,fiziksel
8.17,3.16,403.0,11.5,3.12,0.22,kimyasal
7.07,1.58,239.0,26.7,2.29,0.426,biyolojik
6.59,1.4,328.0,52.8,2.96,0.774,fiziksel
5.73,0.9,164.0,20.9,3.69,0.417,biyolojik
7.06,1.69,277.0,12.7,3.34,0.306,biyolojik
5.92,1.77,226.0,28.1,3.55,0.499,biyolojik
7.28,1.45,222.0,21.2,0.55,0.152,fiziksel
6.62,0.74,371.0,50.0,1.83,0.725,fiziksel
6.62,0.82,321.0,25.6,2.86,0.721,fiziksel
7.52,1.35,370.0,54.7,2.59,0.886,fiziksel
7.15,1.14,413.0,23.5,2.95,0.448,fiziksel
7.45,1.1,276.0,40.8,3.08,0.515,fiziksel
6.32,1.29,261.0,35.2,3.13,0.66,fiziksel
7.39,2.34,340.0,5.9,1.87,0.466,kimyasal
8.01,1.62,287.0,6.9,3.3,0.353,kimyasal
5.14,1.47,234.0,18.2,2.85,0.323,biyolojik
6.13,1.25,131.0,12.9,3.13,0.359,biyolojik
5.57,1.88,171.0,16.5,3.91,0.342,biyolojik
7.47,1.52,206.0,31.7,2.49,0.396,fiziksel
7.05,1.19,446.0,0.0,4.58,0.123,normal
7.56,1.19,120.0,11.0,3.0,0.207,biyolojik
6.16,1.67,116.0,27.1,2.89,0.551,biyolojik
6.34,0.73,453.0,3.4,3.6,0.138,normal
7.79,0.95,189.0,26.4,2.6,0.866,fiziksel
6.58,1.85,398.0,38.2,2.21,0.52,fiziksel
8.36,3.17,264.0,0.6,1.79,0.399,kimyasal
6.13,0.31,474.0,37.2,2.84,0.708,fiziksel
6.27,0.9,485.0,2.3,3.99,0.127,normal
6.37,1.42,377.0,15.6,1.8,0.276,fiziksel
6.97,1.03,34.0,28.2,3.35,0.292,biyolojik
5.65,1.71,52.0,9.2,3.35,0.416,biyolojik
9.04,2.93,361.0,18.4,2.63,0.044,kimyasal
6.82,1.26,222.0,3.3,3.83,0.083,normal
6.59,0.96,132.0,15.7,2.84,0.419,biyolojik
6.6,1.15,53.0,21.6,3.03,0.193,biyolojik
8.1,2.12,239.0,17.0,2.37,0.394,biyolojik
6.83,1.14,271.0,15.5,2.9,0.343,normal
7.71,1.57,252.0,31.5,3.23,0.441,biyolojik
8.58,2.38,392.0,9.5,3.87,0.606,kimyasal
7.33,0.54,434.0,36.6,1.44,0.483,fiziksel
6.84,0.73,449.0,3.1,4.05,0.076,normal
8.45,3.85,311.0,3.4,2.31,0.02,kimyasal
7.17,1.3,198.0,21.3,3.23,0.331,biyolojik
8.61,2.5,277.0,7.9,2.83,0.368,kimyasal
6.7,0.98,404.0,21.0,1.47,0.302,fiziksel
7.21,2.47,293.0,22.0,2.25,0.466,kimyasal
6.22,0.81,357.0,3.7,0.51,0.356,fiziksel
7.39,1.95,288.0,8.8,3.03,0.255,biyolojik
6.9,1.96,131.0,25.4,3.99,0.346,biyolojik
7.24,0.83,324.0,1.5,4.18,0.234,normal
6.38,1.87,329.0,5.6,3.39,0.204,biyolojik
6.88,1.62,259.0,2.6,2.28,0.19,biyolojik
6.16,1.24,231.0,18.9,2.57,0.377,biyolojik
8.21,3.07,293.0,8.5,2.83,0.394,kimyasal
6.83,1.06,118.0,20.7,2.67,0.183,biyolojik
9.15,1.61,373.0,14.0,3.98,0.947,kimyasal
8.17,2.73,352.0,10.8,2.26,0.414,kimyasal
7.72,1.52,325.0,11.5,3.52,0.178,biyolojik
6.67,2.53,387.0,26.4,2.48,0.49,biyolojik
6.25,1.3,500.0,31.9,1.69,0.367,fiziksel
5.37,1.04,209.0,37.7,3.11,0.263,biyolojik
8.93,3.12,408.0,10.9,2.12,0.518,kimyasal
8.13,2.84,255.0,8.0,3.2,0.307,kimyasal
6.55,0.72,284.0,4.2,3.53,0.127,normal
6.83,1.43,232.0,33.1,3.17,0.276,biyolojik
7.65,2.49,248.0,12.7,3.05,0.254,kimyasal
6.94,1.38,386.0,3.8,4.23,0.067,normal
6.42,1.05,345.0,9.6,4.57,0.116,normal
8.71,2.44,389.0,5.1,2.56,0.252,kimyasal
7.17,1.4,344.0,4.3,4.02,0.181,normal
6.59,2.61,147.0,16.8,2.92,0.125,biyolojik
6.87,2.46,146.0,38.2,2.67,0.36,biyolojik
7.01,1.12,291.0,31.2,2.72,0.287,biyolojik
6.26,1.32,287.0,12.5,1.99,0.469,fiziksel
6.73,1.57,322.0,13.5,3.1,0.28,biyolojik
7.37,0.93,341.0,35.7,0.74,0.748,fiziksel
8.72,3.4,343.0,16.6,3.09,0.582,kimyasal
6.68,1.37,305.0,45.3,1.0,0.379,fiziksel
7.27,1.71,405.0,2.1,4.19,0.032,normal
6.69,1.07,150.0,16.9,3.11,0.508,biyolojik
6.62,1.31,381.0,23.8,0.32,0.554,fiziksel
6.57,1.09,187.0,38.6,1.95,0.659,biyolojik
5.38,1.38,198.0,33.2,2.69,0.399,biyolojik
6.14,1.3,341.0,27.5,0.71,0.887,fiziksel
8.24,3.39,500.0,12.8,2.06,0.584,kimyasal
8.04,3.29,303.0,11.5,2.67,0.257,kimyasal
7.59,1.09,333.0,38.9,1.64,0.472,fiziksel
7.13,1.67,332.0,38.9,2.56,0.705,fiziksel
5.94,1.24,271.0,13.4,2.78,0.042,biyolojik
6.99,1.06,395.0,22.9,0.85,0.366,fiziksel
6.98,1.61,441.0,33.8,2.77,0.714,fiziksel
8.0,2.3,367.0,14.5,1.68,0.461,kimyasal
7.12,1.79,6.0,19.4,3.68,0.383,biyolojik
8.6,1.96,368.0,11.7,2.87,0.55,kimyasal
7.0,1.28,89.0,27.3,2.62,0.461,biyolojik
6.78,0.55,134.0,24.9,3.06,0.145,biyolojik
7.26,1.13,256.0,33.5,1.55,0.608,fiziksel
8.17,3.39,360.0,9.4,2.91,0.286,kimyasal
6.86,2.24,377.0,19.3,2.81,0.487,kimyasal
7.25,0.71,421.0,55.0,2.74,0.931,fiziksel
6.08,0.91,241.0,23.4,1.61,0.493,biyolojik
8.52,3.5,392.0,9.8,3.51,0.387,kimyasal
8.75,3.12,313.0,8.8,1.82,0.232,kimyasal
6.91,1.51,116.0,30.4,3.71,0.246,biyolojik
7.93,1.64,424.0,18.9,1.81,0.447,kimyasal
8.51,2.52,296.0,2.1,2.84,0.616,kimyasal
7.06,1.54,243.0,25.4,2.36,0.112,biyolojik
7.34,0.3,347.0,5.9,3.5,0.098,normal
7.31,2.64,261.0,7.7,2.22,0.251,biyolojik
7.46,1.43,196.0,9.4,3.69,0.493,kimyasal
6.11,1.65,39.0,25.5,3.55,0.426,biyolojik
5.89,1.8,182.0,40.3,3.27,0.138,biyolojik
6.66,1.3,182.0,15.3,1.85,0.155,biyolojik
6.8,1.19,259.0,51.6,2.42,0.694,fiziksel
7.83,1.49,409.0,60.0,2.07,0.898,fiziksel
5.96,1.13,184.0,38.7,3.31,0.415,biyolojik
7.01,1.22,75.0,7.9,3.24,0.549,biyolojik
8.24,1.98,313.0,7.7,1.74,0.189,kimyasal
6.49,1.79,227.0,24.0,2.8,0.412,biyolojik
7.53,2.57,232.0,17.9,2.57,0.369,kimyasal
6.68,1.1,163.0,20.6,2.83,0.058,biyolojik
7.52,1.57,253.0,23.7,3.93,0.378,biyolojik
8.33,2.26,272.0,11.0,2.15,0.377,kimyasal
6.59,1.87,213.0,20.1,2.07,0.334,biyolojik
6.14,2.66,149.0,20.7,1.81,0.054,biyolojik
7.56,0.36,434.0,0.6,3.73,0.045,normal
7.61,1.22,404.0,11.2,3.25,0.371,normal
6.9,1.35,244.0,32.5,1.57,0.466,fiziksel
6.9,1.04,221.0,36.1,4.18,0.4,biyolojik
6.97,2.46,304.0,4.6,2.76,0.032,kimyasal
7.3,1.33,396.0,12.2,1.13,0.404,fiziksel
7.58,1.99,249.0,20.7,2.75,0.354,biyolojik
7.62,1.22,265.0,20.7,2.97,0.285,biyolojik
7.62,1.26,313.0,5.1,1.02,0.319,fiziksel
7.69,2.54,312.0,18.4,2.35,0.439,kimyasal
7.79,1.69,291.0,28.8,0.77,0.785,fiziksel
7.96,0.87,358.0,0.0,3.27,0.159,normal
6.84,1.69,363.0,43.5,2.32,0.651,fiziksel
7.4,2.25,146.0,23.1,2.91,0.159,biyolojik
6.95,1.31,355.0,23.3,1.79,0.412,fiziksel
6.15,0.8,418.0,26.2,0.56,0.879,fiziksel
6.52,1.09,231.0,36.7,2.87,0.287,biyolojik
6.14,0.82,288.0,30.7,1.48,0.456,fiziksel
7.32,1.08,352.0,29.6,0.91,0.73,fiziksel
6.27,1.41,390.0,36.0,2.88,0.293,biyolojik
6.41,0.79,388.0,60.0,3.34,0.6,fiziksel
5.94,1.44,193.0,23.8,2.85,0.489,biyolojik
7.57,1.72,236.0,10.4,2.93,0.339,biyolojik
6.31,1.46,342.0,5.4,3.41,0.054,normal
6.88,1.58,365.0,54.7,2.06,0.862,fiziksel
7.26,0.59,424.0,18.1,1.08,0.546,fiziksel
7.76,3.3,358.0,3.1,2.86,0.279,kimyasal
6.35,0.82,92.0,5.9,2.46,0.203,biyolojik
5.01,0.57,150.0,23.7,3.14,0.326,biyolojik
8.72,2.3,352.0,0.8,0.66,0.419,kimyasal
5.64,1.91,61.0,43.7,3.19,0.535,biyolojik
8.32,3.78,292.0,17.5,3.23,0.688,kimyasal
6.65,1.54,216.0,9.7,2.97,0.324,biyolojik
6.48,2.37,130.0,36.9,3.33,0.328,biyolojik
5.86,1.43,421.0,1.5,4.62,0.029,normal
7.74,1.63,235.0,23.0,2.72,0.285,biyolojik
8.43,2.93,405.0,6.2,3.53,0.381,kimyasal
4.7,1.87,121.0,17.2,2.79,0.045,biyolojik
6.58,1.14,328.0,2.7,3.43,0.208,biyolojik
6.98,1.5,195.0,38.1,3.73,0.231,biyolojik
6.31,1.0,333.0,25.2,0.54,0.46,fiziksel
7.2,0.71,343.0,5.7,2.09,0.407,biyolojik
6.48,0.95,132.0,5.9,3.08,0.177,biyolojik
5.83,2.51,141.0,15.8,3.55,0.421,biyolojik
7.84,3.1,182.0,12.5,2.62,0.328,kimyasal
7.28,1.58,293.0,37.4,2.33,0.905,fiziksel
6.91,1.46,140.0,34.8,3.71,0.405,biyolojik
5.65,1.0,434.0,0.9,3.39,0.129,normal
7.61,1.77,29.0,7.6,3.47,0.125,biyolojik
7.65,1.93,159.0,20.4,2.36,0.405,biyolojik
8.19,1.62,294.0,17.1,3.84,0.288,biyolojik
7.96,3.04,198.0,14.1,3.9,0.455,kimyasal
8.14,2.77,260.0,14.3,2.69,0.385,kimyasal
6.87,0.59,430.0,60.0,1.66,0.851,fiziksel
7.68,1.61,350.0,60.0,3.62,1.0,fiziksel
8.38,2.36,205.0,1.1,2.22,0.508,kimyasal
8.11,1.85,412.0,2.9,3.73,0.083,normal
6.91,1.6,314.0,17.6,1.34,0.194,fiziksel
7.86,1.34,116.0,7.5,2.08,0.219,biyolojik
7.16,0.88,376.0,6.9,3.03,0.483,kimyasal
7.81,0.54,391.0,3.1,3.05,0.02,normal
6.87,1.32,278.0,26.0,2.81,0.27,biyolojik
6.88,1.59,276.0,27.2,2.09,0.616,fiziksel
6.96,0.99,316.0,3.6,3.67,0.051,normal
8.44,2.06,259.0,11.1,2.34,0.573,kimyasal
7.4,1.43,340.0,37.0,2.06,0.759,fiziksel
9.12,3.94,400.0,8.1,1.21,0.547,kimyasal
7.56,1.4,277.0,16.5,2.8,0.63,fiziksel
6.9,1.08,224.0,20.6,3.02,0.4,biyolojik
6.69,1.47,478.0,52.1,1.78,0.639,fiziksel
7.23,1.95,292.0,38.9,2.58,0.552,fiziksel
6.76,0.46,123.0,22.5,3.67,0.568,biyolojik
8.86,2.04,400.0,3.4,2.64,0.639,kimyasal
8.19,1.77,307.0,6.6,2.35,0.285,kimyasal
7.08,1.18,197.0,6.4,3.87,0.102,normal
7.41,1.98,219.0,12.4,2.15,0.275,kimyasal
9.13,3.39,253.0,19.2,2.1,0.371,kimyasal
6.41,1.48,326.0,39.3,2.23,0.55,fiziksel
7.31,1.22,427.0,23.7,0.87,0.547,fiziksel
5.99,1.49,175.0,23.7,2.96,0.491,biyolojik
6.88,1.38,270.0,26.4,1.86,0.337,fiziksel
6.45,2.24,-11.0,27.2,3.33,0.39,biyolojik
6.98,0.88,207.0,4.0,2.51,0.351,biyolojik
6.48,1.38,332.0,31.1,0.84,0.538,fiziksel
6.75,1.33,240.0,37.5,4.29,0.498,biyolojik
7.22,2.32,115.0,8.5,3.06,0.231,biyolojik
7.15,1.88,159.0,16.0,4.15,0.581,biyolojik
5.94,1.34,398.0,2.2,3.92,0.021,normal
7.21,0.97,241.0,40.5,1.65,0.572,fiziksel
6.77,1.73,361.0,56.3,2.29,0.535,fiziksel
7.54,1.74,184.0,24.5,2.78,0.309,biyolojik
8.25,2.46,500.0,10.5,2.74,0.455,kimyasal
7.03,2.6,258.0,22.4,2.52,0.502,kimyasal
6.53,1.07,301.0,50.7,1.02,0.76,fiziksel
6.26,1.7,256.0,31.0,3.34,0.426,biyolojik
7.02,1.19,426.0,9.8,0.67,0.505,fiziksel
8.4,2.07,238.0,12.6,2.81,0.316,kimyasal
7.51,2.03,435.0,14.3,2.62,0.524,kimyasal
7.74,0.91,228.0,29.0,3.06,0.303,biyolojik
6.09,2.08,230.0,33.6,3.3,0.263,biyolojik
7.41,1.07,415.0,51.2,2.77,0.98,fiziksel
7.15,1.74,371.0,2.6,3.66,0.08,normal
7.54,0.79,402.0,3.0,4.2,0.144,normal
6.75,1.41,432.0,18.3,1.52,0.233,fiziksel
7.57,0.56,327.0,46.7,2.87,0.897,fiziksel
6.89,0.78,403.0,3.8,3.45,0.088,normal
6.38,1.97,420.0,37.2,3.39,0.444,biyolojik
6.45,1.99,120.0,25.4,4.08,0.489,biyolojik
6.83,1.37,177.0,12.0,2.34,0.376,biyolojik
7.17,1.18,344.0,30.8,1.39,0.862,fiziksel
6.0,2.46,133.0,8.2,2.2,0.15,biyolojik
6.95,1.05,489.0,29.4,1.23,0.633,fiziksel
6.46,1.01,306.0,3.1,4.49,0.128,normal
6.83,1.24,271.0,8.9,3.54,0.264,biyolojik
8.15,3.9,251.0,16.6,2.4,0.377,kimyasal
5.72,1.87,164.0,22.0,2.69,0.28,biyolojik
7.08,1.03,371.0,46.2,3.46,0.597,fiziksel
7.04,0.93,486.0,52.7,3.1,1.0,fiziksel
7.78,1.6,334.0,1.2,1.3,0.354,fiziksel
7.51,1.68,397.0,17.0,3.03,0.395,biyolojik
6.89,1.28,186.0,28.3,3.48,0.279,biyolojik
7.7,1.88,109.0,22.8,2.95,0.484,biyolojik
8.0,1.67,373.0,2.0,3.52,0.313,kimyasal
7.02,1.74,357.0,15.6,1.46,0.189,fiziksel
8.85,3.49,366.0,21.5,2.85,0.081,kimyasal
6.37,0.75,25.0,30.3,3.51,0.381,biyolojik
8.0,0.87,189.0,19.4,2.15,0.43,biyolojik
7.08,1.31,339.0,37.3,1.01,0.399,fiziksel
6.7,1.8,390.0,43.5,1.22,0.734,fiziksel
7.12,1.02,275.0,19.6,2.78,0.243,fiziksel
6.15,1.17,130.0,20.7,4.1,0.481,biyolojik
6.41,1.38,281.0,37.6,2.52,0.877,fiziksel
6.94,1.26,417.0,1.7,3.78,0.146,normal
8.23,4.5,349.0,12.5,3.17,0.401,kimyasal
8.41,2.54,191.0,6.2,3.4,0.643,kimyasal
5.82,1.68,113.0,11.3,2.53,0.261,biyolojik
7.27,1.72,325.0,21.5,2.86,0.699,kimyasal
7.54,0.89,54.0,18.1,2.84,0.14,biyolojik
6.95,1.57,347.0,36.9,3.72,0.746,fiziksel
7.12,1.29,317.0,31.2,2.89,0.418,fiziksel
6.49,1.49,199.0,10.8,3.13,0.119,biyolojik
5.87,1.74,88.0,23.1,3.27,0.367,biyolojik
7.39,1.5,103.0,17.5,3.79,0.407,biyolojik
6.46,0.94,475.0,28.9,1.89,0.392,fiziksel
6.51,1.18,318.0,38.5,2.38,0.636,fiziksel
6.09,1.91,388.0,41.6,2.11,0.543,fiziksel
6.78,1.43,68.0,18.9,2.01,0.291,biyolojik
7.56,0.77,355.0,6.4,0.44,0.052,fiziksel
7.08,1.92,106.0,29.9,4.72,0.518,biyolojik
8.02,3.31,336.0,6.1,1.89,0.354,kimyasal
6.61,1.49,22.0,40.8,3.37,0.552,biyolojik
8.8,1.87,372.0,8.2,2.39,0.302,kimyasal
7.44,1.48,415.0,60.0,2.35,0.742,fiziksel
6.81,1.42,184.0,30.4,2.77,0.283,biyolojik
6.35,1.35,355.0,37.6,2.29,0.863,fiziksel
7.93,1.59,379.0,1.4,3.74,0.074,normal
6.75,1.1,263.0,3.1,3.7,0.023,normal
6.13,1.13,347.0,33.4,1.68,0.575,fiziksel
5.94,1.45,358.0,6.1,4.01,0.179,normal
7.13,1.88,100.0,21.9,3.54,0.38,biyolojik
8.5,1.47,329.0,4.2,2.92,0.3,biyolojik
9.27,4.35,309.0,5.0,2.12,0.217,kimyasal
5.85,1.4,324.0,20.2,3.04,0.445,biyolojik
7.78,1.96,366.0,60.0,2.83,0.919,fiziksel
6.3,2.0,-6.0,18.1,3.04,0.24,biyolojik
7.63,1.29,215.0,9.5,2.75,0.108,biyolojik
7.37,2.58,240.0,17.2,3.01,0.283,kimyasal
6.0,0.73,164.0,17.4,3.15,0.087,biyolojik
5.76,0.97,144.0,16.1,3.35,0.252,biyolojik
6.63,1.18,271.0,36.3,2.4,0.918,fiziksel
7.03,2.19,317.0,6.4,3.1,0.034,normal
7.05,1.6,219.0,23.8,2.39,0.312,biyolojik
6.88,1.39,441.0,0.0,1.75,0.452,fiziksel
9.0,4.5,272.0,3.8,1.03,0.426,kimyasal
7.5,2.68,310.0,20.8,2.45,0.398,kimyasal
6.59,1.38,326.0,17.9,1.61,0.338,fiziksel
7.63,1.12,360.0,19.5,2.26,0.707,fiziksel
7.07,0.52,95.0,0.0,2.64,0.321,biyolojik
7.92,3.35,325.0,18.3,1.89,0.605,kimyasal
7.07,1.12,496.0,5.6,3.91,0.02,normal
6.42,0.3,304.0,25.1,2.32,0.539,fiziksel
8.05,2.3,303.0,16.7,1.65,0.216,kimyasal
8.24,3.62,302.0,5.9,2.95,0.121,kimyasal
7.06,0.88,207.0,18.6,3.07,0.269,biyolojik
7.04,1.82,325.0,14.3,2.49,0.323,biyolojik
6.51,1.12,364.0,39.9,3.45,0.525,fiziksel
6.5,0.71,275.0,14.9,2.57,0.304,biyolojik
9.14,2.06,378.0,12.6,3.6,0.563,kimyasal
8.86,2.24,378.0,16.9,2.04,0.481,kimyasal
7.39,1.01,386.0,30.2,2.46,0.635,fiziksel
8.9,3.73,319.0,9.4,2.7,0.513,kimyasal
6.1,0.95,50.0,13.4,1.97,0.208,biyolojik
7.1,0.68,500.0,6.4,0.57,0.434,fiziksel
6.8,1.34,309.0,3.3,3.81,0.067,normal
7.16,0.81,318.0,1.8,1.56,0.258,fiziksel
7.57,1.05,235.0,6.6,2.93,0.234,biyolojik
7.39,1.1,131.0,26.8,2.79,0.545,biyolojik
7.52,1.39,336.0,4.6,3.39,0.137,normal
8.61,2.54,377.0,11.3,2.42,0.33,kimyasal
8.3,3.82,296.0,5.0,1.97,0.267,kimyasal
6.64,0.77,253.0,22.3,3.89,0.141,biyolojik
7.31,1.59,170.0,30.6,2.6,0.404,biyolojik
8.17,3.35,291.0,9.2,4.21,0.517,kimyasal
9.8,3.55,399.0,5.2,3.31,0.168,kimyasal
6.88,1.24,389.0,32.3,2.17,0.564,fiziksel
7.01,1.0,230.0,26.4,2.11,0.522,biyolojik
6.09,0.64,374.0,43.1,2.61,0.815,fiziksel
6.59,1.16,113.0,12.7,3.27,0.214,biyolojik
7.38,1.13,343.0,4.8,3.91,0.076,normal
7.39,2.48,373.0,21.7,2.65,0.329,biyolojik
6.65,2.06,337.0,26.9,2.59,0.116,biyolojik
8.55,2.82,229.0,4.7,2.79,0.355,kimyasal
7.4,2.89,370.0,11.0,2.84,0.272,kimyasal
7.28,0.96,438.0,2.3,3.76,0.115,normal
8.69,3.8,443.0,7.5,1.51,0.322,kimyasal
7.21,1.33,81.0,27.7,2.53,0.244,biyolojik
8.25,3.48,351.0,22.1,3.02,0.758,kimyasal
8.66,3.53,217.0,16.4,2.18,0.416,kimyasal
7.34,1.7,453.0,2.1,4.25,0.136,normal
7.21,2.51,265.0,11.4,2.44,0.257,kimyasal
6.94,1.31,266.0,14.7,2.65,0.666,kimyasal
6.58,2.53,174.0,22.7,3.16,0.334,biyolojik
6.38,2.06,248.0,33.3,3.75,0.493,biyolojik
6.96,1.23,267.0,23.8,1.91,0.095,fiziksel
7.55,2.22,373.0,30.5,2.85,0.596,fiziksel
6.36,0.74,307.0,22.2,3.3,0.361,biyolojik
5.81,1.03,337.0,60.0,3.36,0.801,fiziksel
6.38,0.98,398.0,21.4,2.7,0.561,fiziksel
7.74,1.09,500.0,31.6,1.45,0.474,fiziksel
6.74,1.82,189.0,25.0,2.39,0.124,biyolojik
7.06,0.96,161.0,21.7,2.4,0.276,biyolojik
8.03,1.18,242.0,0.0,2.7,0.155,kimyasal
5.49,1.17,86.0,30.1,2.75,0.121,biyolojik
7.05,1.26,394.0,4.0,1.12,0.267,fiziksel
8.18,2.41,323.0,13.0,3.62,0.329,kimyasal
8.23,2.87,318.0,14.4,3.67,0.423,kimyasal
7.34,1.04,416.0,44.3,1.33,0.451,fiziksel
8.28,3.47,281.0,20.1,4.07,0.71,kimyasal
7.2,1.67,174.0,0.0,1.66,0.201,biyolojik
7.43,2.46,267.0,19.1,2.84,0.189,biyolojik
8.86,3.84,284.0,12.3,2.45,0.299,kimyasal
7.98,1.48,201.0,12.6,2.18,0.253,biyolojik
6.71,0.52,237.0,14.8,2.65,0.429,biyolojik
6.91,1.91,50.0,17.0,2.54,0.265,biyolojik
6.3,0.77,266.0,3.2,3.83,0.02,normal
5.69,0.72,368.0,3.0,3.56,0.121,normal
6.95,0.87,423.0,20.7,3.24,0.257,normal
8.5,1.81,246.0,8.5,2.4,0.209,kimyasal
6.82,1.77,192.0,28.7,2.54,0.138,biyolojik
6.5,2.1,250.0,0.0,1.3,0.555,fiziksel
6.8,1.26,319.0,2.2,3.97,0.079,normal
7.49,0.71,238.0,49.8,1.95,0.916,fiziksel
6.61,1.69,378.0,49.9,1.06,0.808,fiziksel
7.79,1.95,283.0,26.3,1.55,0.346,fiziksel
7.61,1.28,470.0,0.0,1.14,0.3,fiziksel
6.94,1.27,401.0,13.2,0.98,0.568,fiziksel
6.42,1.38,311.0,19.3,3.17,0.333,biyolojik
8.11,1.8,293.0,7.7,1.82,0.283,kimyasal
7.08,1.54,384.0,29.6,1.06,0.276,fiziksel
7.53,0.82,305.0,32.0,2.68,1.0,fiziksel
5.8,1.83,273.0,22.2,3.62,0.207,biyolojik
5.71,1.87,28.0,10.3,3.18,0.455,biyolojik
6.0,1.58,246.0,20.8,3.67,0.364,biyolojik
6.47,1.41,129.0,16.4,2.92,0.217,biyolojik
6.98,1.01,347.0,24.1,1.65,0.766,fiziksel
6.48,1.3,357.0,29.0,2.04,0.414,biyolojik
7.9,2.28,316.0,7.3,3.1,0.306,kimyasal
7.9,1.59,223.0,6.5,3.11,0.162,normal
7.01,0.93,441.0,7.2,4.81,0.178,normal
6.76,1.67,366.0,33.3,1.73,0.361,fiziksel
8.49,2.17,336.0,10.4,1.63,0.286,kimyasal
6.48,0.74,397.0,50.1,0.97,0.721,fiziksel
7.81,0.92,367.0,4.4,4.01,0.11,normal
7.6,1.43,289.0,14.1,2.48,0.323,kimyasal
9.49,2.77,226.0,6.2,1.7,0.505,kimyasal
7.27,1.44,249.0,13.0,3.39,0.208,biyolojik
7.52,1.77,406.0,21.3,2.44,0.344,kimyasal
6.69,0.76,409.0,0.2,4.35,0.121,normal
7.35,1.66,341.0,14.4,3.03,0.333,biyolojik
6.36,2.67,353.0,21.8,2.67,0.444,biyolojik
8.01,2.0,371.0,5.0,4.03,0.554,kimyasal
7.37,0.54,495.0,7.1,3.87,0.02,normal
7.3,1.24,449.0,39.6,1.49,0.834,fiziksel
6.48,1.12,193.0,13.9,4.2,0.176,normal
8.85,3.21,218.0,18.0,1.47,0.282,kimyasal
6.39,1.44,35.0,21.7,2.22,0.476,biyolojik
7.39,3.11,183.0,7.4,2.69,0.284,kimyasal
9.53,2.31,292.0,0.1,2.1,0.175,kimyasal
7.38,1.91,290.0,19.6,2.31,0.59,fiziksel
5.8,0.83,68.0,19.6,2.34,0.462,biyolojik
8.11,1.7,345.0,8.6,3.27,0.087,biyolojik
7.91,0.53,294.0,39.8,0.95,0.76,fiziksel
6.72,1.14,493.0,27.6,2.96,0.493,fiziksel
7.73,0.99,466.0,47.0,2.05,1.0,fiziksel
8.91,2.74,284.0,9.6,2.95,0.416,kimyasal
7.52,2.97,247.0,11.6,3.21,0.395,kimyasal
6.52,1.85,189.0,8.0,3.63,0.556,biyolojik
7.79,1.03,500.0,45.7,2.75,0.461,fiziksel
9.44,3.11,238.0,12.1,3.58,0.238,kimyasal
7.08,1.65,284.0,18.4,2.13,0.664,fiziksel
8.7,3.61,369.0,14.6,3.02,0.671,kimyasal
6.94,1.37,117.0,19.4,2.49,0.199,biyolojik
5.38,1.38,154.0,14.9,3.58,0.333,biyolojik
6.79,0.67,263.0,26.7,2.65,0.424,biyolojik
6.83,1.46,435.0,1.7,3.99,0.02,normal
6.81,1.72,215.0,21.1,2.94,0.239,biyolojik
7.4,0.98,325.0,6.0,3.83,0.147,normal
6.77,2.45,135.0,13.7,3.03,0.376,biyolojik
7.99,2.17,478.0,5.3,2.58,0.406,kimyasal
6.54,1.26,278.0,21.6,3.71,0.241,biyolojik
7.98,2.42,380.0,1.7,2.62,0.646,kimyasal
7.12,1.7,137.0,20.0,1.95,0.358,biyolojik
6.93,1.98,53.0,22.9,2.8,0.42,biyolojik
6.83,1.88,278.0,21.6,2.8,0.19,biyolojik
7.79,1.67,434.0,33.8,2.59,0.776,fiziksel
7.75,0.68,372.0,5.8,3.33,0.104,normal
7.53,1.86,293.0,0.0,4.1,0.204,normal
7.01,1.61,475.0,4.7,3.83,0.183,normal
7.61,2.52,329.0,13.3,2.47,0.388,kimyasal
7.14,0.91,377.0,6.1,4.75,0.175,normal
7.39,1.7,302.0,8.3,0.57,0.352,kimyasal
7.74,1.36,264.0,3.5,4.58,0.081,normal
7.16,1.1,342.0,16.6,2.48,0.427,fiziksel
5.99,1.17,296.0,40.5,1.89,0.73,fiziksel
7.41,1.13,332.0,0.8,3.62,0.161,normal
7.01,1.39,251.0,4.1,4.6,0.153,normal
6.9,1.53,185.0,34.8,3.09,0.279,biyolojik
6.43,1.61,182.0,12.3,1.47,0.261,biyolojik
6.72,1.54,460.0,1.8,3.86,0.137,normal
7.15,1.6,410.0,4.2,4.14,0.149,normal
6.45,1.8,429.0,18.2,0.91,0.24,fiziksel
7.0,1.43,280.0,32.8,1.85,0.425,fiziksel
8.21,2.5,264.0,15.7,3.97,0.431,kimyasal
6.7,1.01,223.0,21.0,1.63,0.548,fiziksel
5.6,2.03,121.0,10.8,2.33,0.304,biyolojik
6.41,1.21,313.0,5.8,4.25,0.02,normal
7.97,3.34,390.0,11.3,3.02,0.613,kimyasal
8.61,2.2,174.0,18.2,3.27,0.305,kimyasal
7.8,1.31,267.0,13.9,1.37,0.285,fiziksel
7.28,1.9,314.0,23.3,3.04,0.564,biyolojik
6.8,1.46,254.0,15.0,2.98,0.389,biyolojik
7.44,1.41,271.0,6.8,3.2,0.171,normal
6.62,1.44,282.0,37.4,2.21,0.638,fiziksel
7.04,1.23,80.0,21.7,1.15,0.144,biyolojik
6.91,1.75,262.0,7.9,3.5,0.096,biyolojik
7.32,1.37,470.0,4.7,3.64,0.04,normal
7.83,2.48,214.0,11.5,2.99,0.335,kimyasal
6.34,0.82,340.0,6.5,4.29,0.147,normal
7.17,1.1,397.0,42.3,2.99,1.0,fiziksel
6.36,1.83,272.0,23.4,3.72,0.438,biyolojik
6.84,1.0,78.0,28.6,2.96,0.523,biyolojik
6.2,1.23,301.0,31.0,1.59,0.684,fiziksel
6.48,2.2,247.0,53.3,2.97,0.625,fiziksel
6.34,0.46,403.0,55.2,0.74,0.484,fiziksel
6.04,0.78,-6.0,27.4,2.6,0.324,biyolojik
6.34,1.97,156.0,13.5,2.73,0.295,biyolojik
9.33,2.9,228.0,11.7,4.19,0.686,kimyasal
8.15,2.97,330.0,8.7,3.64,0.285,kimyasal
6.92,1.76,193.0,32.4,1.98,0.57,fiziksel
7.86,4.03,382.0,24.3,2.3,0.511,kimyasal
7.06,3.12,159.0,17.1,3.46,0.357,biyolojik
7.72,2.04,361.0,6.3,2.99,0.21,normal
6.84,0.64,185.0,47.0,1.51,0.733,fiziksel
6.92,1.89,92.0,26.5,3.47,0.14,biyolojik
8.25,2.03,306.0,10.3,2.2,0.687,kimyasal
7.8,2.26,260.0,28.4,2.71,0.505,fiziksel
6.91,1.35,243.0,12.2,0.83,0.775,fiziksel
6.61,1.23,346.0,1.7,3.7,0.036,normal
7.23,1.16,251.0,5.3,3.1,0.02,normal
6.17,1.53,375.0,60.0,3.13,0.895,fiziksel
6.29,1.76,296.0,15.9,1.17,0.458,fiziksel
8.57,3.71,345.0,11.8,3.44,0.389,kimyasal
7.45,3.04,220.0,12.3,2.93,0.395,biyolojik
6.71,1.7,241.0,37.4,2.43,0.549,fiziksel
6.66,0.47,352.0,35.3,2.29,0.641,fiziksel
6.9,0.62,452.0,3.9,3.95,0.131,normal
6.29,1.11,-6.0,0.0,2.09,0.43,biyolojik
6.25,1.71,52.0,0.1,2.49,0.087,biyolojik
7.01,1.07,309.0,28.6,2.46,0.326,biyolojik
6.25,0.55,138.0,16.6,3.33,0.488,biyolojik
7.14,0.35,371.0,4.9,4.01,0.164,normal
7.22,1.53,317.0,36.5,3.62,0.198,biyolojik
6.12,0.88,187.0,28.7,2.99,0.358,biyolojik
6.41,1.09,373.0,39.6,1.83,0.54,fiziksel
5.95,1.8,99.0,36.6,3.06,0.247,biyolojik
6.36,0.88,227.0,24.5,2.91,0.276,biyolojik
6.74,0.83,340.0,28.5,4.02,0.519,fiziksel
6.1,1.75,212.0,21.1,2.57,0.153,biyolojik
6.63,1.09,323.0,31.9,0.55,0.545,fiziksel
6.29,1.47,279.0,21.9,2.03,0.525,fiziksel
8.54,1.86,413.0,13.7,3.23,0.499,kimyasal
8.06,1.24,321.0,42.8,1.52,0.494,fiziksel
6.1,1.46,185.0,26.1,2.69,0.231,biyolojik
6.79,0.37,55.0,15.0,2.64,0.282,biyolojik
6.35,1.02,353.0,2.5,2.57,0.147,normal
6.27,1.13,227.0,34.4,2.77,0.328,biyolojik
6.56,2.06,175.0,24.7,2.46,0.378,biyolojik
7.1,1.43,174.0,28.8,2.13,0.338,biyolojik
7.28,1.61,325.0,4.8,3.03,0.17,normal
7.31,2.08,196.0,38.5,2.87,0.276,biyolojik
6.03,1.98,332.0,26.0,1.93,0.079,biyolojik
8.88,3.69,256.0,13.9,2.7,0.551,kimyasal
7.35,1.98,354.0,0.0,3.89,0.146,normal
6.23,1.37,163.0,13.0,3.11,0.228,biyolojik
8.41,2.12,303.0,22.0,1.83,0.785,kimyasal
7.53,1.3,395.0,37.3,1.9,0.473,fiziksel
6.54,0.73,177.0,14.7,3.91,0.272,biyolojik
6.91,1.28,377.0,30.6,1.48,0.704,fiziksel
6.87,1.09,330.0,34.5,1.97,0.826,fiziksel
6.02,1.23,368.0,47.2,2.52,0.983,fiziksel
6.26,2.25,82.0,28.0,3.1,0.335,biyolojik
7.23,1.27,415.0,1.9,3.33,0.12,normal
7.87,2.31,281.0,8.5,3.24,0.676,kimyasal
6.15,1.12,158.0,9.8,3.5,0.149,biyolojik
8.07,2.56,322.0,8.1,2.11,0.247,kimyasal
6.47,1.14,256.0,32.9,3.87,0.264,biyolojik
8.78,2.88,332.0,0.4,2.42,0.448,kimyasal
6.37,1.33,216.0,30.1,1.97,0.371,biyolojik
7.35,1.33,250.0,29.6,3.91,0.343,biyolojik
7.47,1.56,326.0,6.7,0.2,0.205,fiziksel
7.37,1.37,24.0,19.2,3.12,0.232,biyolojik
8.33,2.57,311.0,3.0,2.88,0.603,kimyasal
6.02,2.76,174.0,30.1,3.71,0.375,biyolojik
7.21,1.87,500.0,60.0,3.19,1.0,fiziksel
5.18,1.17,257.0,22.0,3.55,0.514,biyolojik
5.8,1.43,315.0,13.0,1.9,0.192,biyolojik
8.19,1.96,362.0,7.9,3.26,0.14,kimyasal
6.06,1.42,228.0,28.8,3.13,0.291,biyolojik
7.4,0.97,452.0,35.1,0.62,0.782,fiziksel
6.79,2.03,256.0,22.0,3.01,0.443,biyolojik
5.9,1.72,8.0,19.0,2.8,0.376,biyolojik
7.97,2.85,216.0,14.5,3.2,0.558,kimyasal
7.61,1.95,156.0,12.2,2.46,0.076,biyolojik
5.82,0.74,213.0,30.8,3.0,0.253,biyolojik
7.33,1.08,391.0,31.5,2.89,0.491,fiziksel
6.88,1.28,135.0,15.5,3.68,0.478,biyolojik
5.37,1.46,169.0,35.5,2.93,0.286,biyolojik
5.6,1.27,242.0,20.5,2.63,0.589,biyolojik
8.38,2.86,423.0,14.3,3.87,0.467,kimyasal
6.92,1.7,195.0,12.4,3.45,0.064,biyolojik
6.34,0.98,330.0,26.2,2.02,1.0,fiziksel
9.12,3.84,267.0,9.8,2.25,0.394,kimyasal
6.13,0.82,319.0,21.2,2.86,0.244,biyolojik
5.95,2.11,171.0,6.5,3.36,0.41,biyolojik
6.47,1.62,150.0,39.0,3.54,0.433,biyolojik
7.56,2.26,118.0,0.0,2.32,0.02,biyolojik
6.95,2.99,243.0,22.5,3.78,0.29,biyolojik
5.92,1.44,273.0,37.2,1.83,0.299,fiziksel
7.07,0.96,316.0,51.1,2.19,0.786,fiziksel
7.71,1.84,417.0,29.9,2.7,0.77,fiziksel
6.71,1.07,267.0,37.5,2.31,0.655,fiziksel
6.92,0.85,443.0,40.8,3.01,0.699,fiziksel
6.22,1.39,197.0,17.9,2.77,0.395,biyolojik
7.92,1.15,355.0,36.2,2.51,0.697,fiziksel
7.74,1.59,404.0,39.8,2.54,0.789,fiziksel
6.03,2.3,84.0,13.3,2.86,0.251,biyolojik
7.37,0.3,151.0,28.2,3.28,0.46,biyolojik
7.79,1.07,499.0,3.4,5.0,0.087,normal
6.45,1.63,210.0,25.3,2.39,0.079,biyolojik
8.2,2.07,207.0,11.8,3.09,0.394,biyolojik
6.23,1.74,151.0,17.0,2.8,0.059,biyolojik
7.13,2.29,195.0,16.7,3.39,0.405,biyolojik
7.27,0.49,405.0,41.4,0.2,0.323,fiziksel
7.26,1.16,386.0,2.8,3.76,0.126,normal
7.9,1.34,308.0,0.7,4.18,0.087,normal
6.49,2.06,116.0,18.6,2.93,0.373,biyolojik
8.2,1.15,162.0,31.8,3.8,0.396,biyolojik
6.28,2.08,408.0,22.3,2.1,0.229,fiziksel
6.04,2.66,316.0,9.4,3.53,0.165,biyolojik
5.52,0.3,146.0,5.5,2.31,0.172,biyolojik
8.87,3.33,304.0,12.1,1.66,0.486,kimyasal
7.04,1.23,432.0,50.0,2.55,0.931,fiziksel
8.22,3.85,351.0,8.7,1.94,0.02,kimyasal
8.76,3.1,440.0,8.4,1.78,0.346,kimyasal
6.56,1.76,230.0,40.3,3.84,0.421,biyolojik
7.03,2.28,181.0,23.1,1.95,0.213,biyolojik
6.61,2.07,86.0,8.0,2.51,0.167,biyolojik
6.24,0.49,360.0,7.4,1.15,0.387,fiziksel
7.79,1.0,242.0,13.0,3.61,0.44,kimyasal
7.41,1.19,375.0,15.8,3.21,0.478,fiziksel
7.73,0.98,343.0,18.3,1.44,0.02,fiziksel
6.94,1.33,248.0,53.2,2.72,0.772,fiziksel
6.63,1.65,89.0,21.2,3.28,0.259,biyolojik
6.95,1.31,402.0,4.7,4.08,0.109,normal
6.23,1.45,96.0,26.5,3.46,0.139,biyolojik
7.6,1.48,304.0,0.3,3.63,0.122,normal
7.67,1.51,237.0,6.0,2.95,0.279,biyolojik
6.6,1.17,321.0,2.7,4.55,0.124,normal
6.69,1.24,379.0,5.2,1.95,0.355,fiziksel
6.8,1.39,119.0,32.1,3.37,0.712,biyolojik
7.12,1.1,282.0,27.2,2.61,0.36,biyolojik
6.65,1.64,215.0,34.1,2.47,0.563,biyolojik
7.28,1.17,422.0,6.3,0.2,0.794,fiziksel
7.32,1.18,213.0,11.3,1.93,0.176,biyolojik
6.52,1.37,27.0,13.1,3.89,0.358,biyolojik
7.4,1.12,410.0,13.0,1.7,0.385,fiziksel
7.04,0.81,500.0,44.7,0.77,0.023,fiziksel
8.27,1.53,333.0,13.0,2.12,0.201,kimyasal
8.26,1.82,279.0,7.7,2.96,0.178,kimyasal
7.33,0.7,69.0,7.1,1.87,0.269,biyolojik
7.1,1.42,436.0,1.3,3.41,0.048,normal
5.7,1.47,25.0,40.1,3.75,0.331,biyolojik
6.43,1.02,478.0,40.0,1.76,0.448,fiziksel
7.05,1.26,402.0,24.8,3.52,0.685,fiziksel
6.64,1.79,-1.0,10.0,1.94,0.171,biyolojik
6.8,1.5,259.0,4.8,4.08,0.191,normal
6.49,0.74,298.0,53.6,2.44,0.409,fiziksel
6.01,2.09,207.0,13.6,2.45,0.249,biyolojik
7.23,1.2,232.0,9.5,3.29,0.261,biyolojik
7.35,0.82,283.0,60.0,2.89,0.877,fiziksel
5.98,1.52,275.0,22.0,3.49,0.206,biyolojik
7.36,2.69,327.0,11.6,1.78,0.601,kimyasal
7.49,1.4,180.0,21.2,3.7,0.27,biyolojik
6.27,2.0,15.0,23.2,3.16,0.324,biyolojik
6.43,2.46,-4.0,24.5,2.79,0.496,biyolojik
7.78,3.3,389.0,13.2,3.03,0.189,kimyasal
7.63,2.46,247.0,17.7,2.96,0.374,biyolojik
7.43,1.56,116.0,9.2,3.82,0.175,biyolojik
8.43,2.98,304.0,15.2,2.62,0.596,kimyasal
6.05,1.0,243.0,18.8,2.71,0.265,biyolojik
6.76,1.78,394.0,54.8,1.74,1.0,fiziksel
7.43,1.18,340.0,46.3,1.99,0.592,fiziksel
6.19,1.37,333.0,11.8,3.11,0.146,biyolojik
6.77,1.01,291.0,43.0,1.74,0.456,fiziksel
6.67,1.39,312.0,31.0,1.22,0.538,fiziksel
6.35,0.98,325.0,29.7,1.22,0.28,fiziksel
6.66,1.06,242.0,38.3,2.53,0.422,biyolojik
7.3,1.67,227.0,7.3,2.24,0.275,biyolojik
6.28,1.67,70.0,19.2,3.97,0.157,biyolojik
7.03,0.59,400.0,14.0,3.32,0.265,normal
8.08,1.22,296.0,46.0,2.01,0.594,fiziksel
7.14,3.01,321.0,4.0,2.57,0.243,kimyasal
5.35,1.82,64.0,26.9,4.73,0.359,biyolojik
6.55,0.91,226.0,14.6,3.21,0.311,biyolojik
6.89,1.08,286.0,33.7,3.28,0.47,biyolojik
6.67,2.23,249.0,23.6,3.24,0.162,biyolojik
5.89,1.68,230.0,31.6,3.17,0.467,biyolojik
6.27,1.2,182.0,13.7,3.39,0.17,biyolojik
7.69,1.71,389.0,11.9,0.6,0.44,fiziksel
7.35,1.33,250.0,33.9,1.33,0.512,fiziksel
6.16,1.68,131.0,3.9,3.24,0.218,biyolojik
7.72,1.87,348.0,19.8,2.54,0.407,fiziksel
6.93,2.11,206.0,16.3,3.05,0.331,biyolojik
5.2,1.46,257.0,18.2,2.95,0.182,biyolojik
6.18,1.47,283.0,14.3,2.94,0.147,biyolojik
8.96,2.99,196.0,12.9,2.52,0.45,kimyasal
8.61,3.37,479.0,6.2,2.04,0.121,kimyasal
6.96,1.05,341.0,4.1,3.91,0.127,normal
7.24,1.61,350.0,9.1,1.05,0.704,fiziksel
8.02,1.67,301.0,8.2,1.51,0.38,kimyasal
7.74,2.8,309.0,12.8,2.16,0.518,kimyasal
6.67,1.41,389.0,3.3,4.75,0.058,normal
6.83,2.08,189.0,26.4,3.58,0.323,biyolojik
7.29,1.11,440.0,11.9,3.15,0.34,fiziksel
6.84,0.38,404.0,38.0,2.94,0.874,fiziksel
7.05,1.46,321.0,23.8,3.01,0.502,fiziksel
8.04,1.54,294.0,2.0,2.4,0.282,kimyasal
7.68,1.11,306.0,2.3,3.59,0.095,normal
6.98,1.63,154.0,23.5,2.8,0.096,biyolojik
7.38,2.86,218.0,13.9,3.54,0.02,biyolojik
7.84,0.77,380.0,49.3,3.42,0.704,fiziksel
7.04,0.96,296.0,52.0,2.11,0.729,fiziksel
8.13,3.26,308.0,2.3,1.68,0.222,kimyasal
7.51,1.14,339.0,0.0,3.75,0.088,normal
7.4,1.88,320.0,14.4,2.35,0.362,fiziksel
6.82,1.45,269.0,21.9,3.05,0.42,biyolojik
8.02,1.18,298.0,26.0,1.13,0.463,fiziksel
7.68,1.27,295.0,29.7,0.3,0.292,fiziksel
6.78,2.38,284.0,0.7,2.93,0.149,biyolojik
7.29,0.99,321.0,23.3,1.28,0.447,fiziksel
7.36,1.93,114.0,29.6,3.94,0.577,biyolojik
7.68,1.77,288.0,3.0,4.1,0.03,normal
7.5,2.23,121.0,30.7,2.76,0.347,biyolojik
9.32,2.06,413.0,9.5,2.98,0.456,kimyasal
6.92,1.31,85.0,0.0,1.87,0.212,biyolojik
6.57,1.41,142.0,14.9,3.4,0.412,biyolojik
7.28,1.34,483.0,41.6,0.2,0.55,fiziksel
7.49,1.14,478.0,50.8,1.8,0.995,fiziksel
7.16,1.37,50.0,23.8,2.62,0.239,biyolojik
8.68,2.86,337.0,4.7,2.12,0.492,kimyasal
6.7,1.3,347.0,30.4,1.72,0.578,biyolojik
6.92,1.21,192.0,12.3,2.8,0.387,biyolojik
7.39,1.5,233.0,29.3,1.0,0.752,fiziksel
8.71,3.35,241.0,8.3,3.55,0.344,kimyasal
7.14,1.41,263.0,4.8,4.37,0.089,normal
8.74,3.35,347.0,10.8,3.6,0.601,kimyasal
6.97,1.47,431.0,20.1,1.84,0.465,fiziksel
7.24,1.48,122.0,16.0,3.89,0.419,biyolojik
7.34,1.78,379.0,25.3,2.8,0.53,kimyasal
7.59,2.08,407.0,35.5,2.15,0.538,fiziksel
6.71,1.36,369.0,3.0,4.34,0.082,normal
5.36,2.49,130.0,23.8,3.4,0.294,biyolojik
6.2,1.05,340.0,20.0,2.59,0.8,fiziksel
6.93,1.48,433.0,34.4,1.3,0.637,fiziksel
6.32,0.94,139.0,15.4,3.54,0.349,biyolojik
7.97,2.11,347.0,2.9,3.75,0.248,kimyasal
6.05,0.44,181.0,27.2,3.0,0.293,biyolojik
7.02,1.26,272.0,33.6,3.31,0.414,biyolojik
7.46,0.96,454.0,19.1,2.46,0.263,normal
8.17,3.56,280.0,10.1,3.42,0.583,kimyasal
8.06,3.12,382.0,3.6,3.12,0.098,kimyasal
5.63,1.21,232.0,8.1,1.82,0.33,biyolojik
5.7,1.98,275.0,45.6,2.04,0.226,biyolojik
6.61,0.47,356.0,38.4,0.65,0.75,fiziksel
7.06,1.69,251.0,32.9,2.2,0.261,biyolojik
6.68,0.8,358.0,58.9,3.72,0.843,fiziksel
6.51,1.57,377.0,4.5,1.3,0.749,fiziksel
6.74,1.63,203.0,16.0,2.64,0.171,biyolojik
6.19,1.62,168.0,11.9,2.86,0.173,biyolojik
6.26,1.08,369.0,2.2,3.49,0.111,normal
6.99,2.88,155.0,7.0,2.25,0.02,biyolojik
6.18,0.97,280.0,42.5,0.78,0.416,fiziksel
7.33,0.77,374.0,6.7,3.14,0.613,kimyasal
7.92,2.09,322.0,1.3,2.42,0.189,kimyasal
6.12,1.42,368.0,22.1,2.02,0.39,fiziksel
6.98,1.63,304.0,42.2,2.8,0.535,biyolojik
6.28,1.53,461.0,16.9,3.08,0.257,kimyasal
5.44,1.84,151.0,7.5,2.09,0.198,biyolojik
6.86,1.59,69.0,4.3,3.24,0.234,biyolojik
7.22,1.98,284.0,3.1,2.4,0.275,biyolojik
7.06,1.07,359.0,24.3,2.22,0.25,fiziksel
6.63,1.44,324.0,28.6,3.89,0.395,biyolojik
6.19,2.03,153.0,10.4,2.12,0.02,biyolojik
5.08,1.81,164.0,14.8,3.9,0.33,biyolojik
7.06,1.42,438.0,19.7,1.66,0.575,fiziksel
5.66,1.18,173.0,32.8,0.46,0.461,fiziksel
8.25,3.92,331.0,7.9,2.61,0.246,kimyasal
7.13,1.24,391.0,3.9,3.84,0.128,normal
8.84,3.47,341.0,8.6,1.21,0.368,kimyasal
7.46,1.56,175.0,15.2,3.63,0.275,biyolojik
6.04,1.25,100.0,18.4,2.78,0.386,biyolojik
7.4,1.59,207.0,31.0,0.99,0.31,fiziksel
9.05,2.11,319.0,20.1,2.35,0.488,kimyasal
7.86,3.23,385.0,5.2,2.78,0.414,kimyasal
7.89,2.18,275.0,9.3,1.89,0.368,kimyasal
6.9,0.4,322.0,16.1,2.59,0.483,kimyasal
7.14,1.51,262.0,36.1,4.18,0.253,biyolojik
6.11,1.06,74.0,6.8,1.87,0.19,biyolojik
6.96,0.63,373.0,39.9,1.64,0.554,fiziksel
6.46,1.03,165.0,13.8,3.09,0.45,biyolojik
6.12,1.03,342.0,38.1,1.59,0.554,fiziksel
7.1,0.37,297.0,0.0,4.2,0.02,normal
7.35,1.87,203.0,9.8,3.08,0.276,biyolojik
7.45,0.79,106.0,21.0,3.68,0.398,biyolojik
5.92,1.23,172.0,15.8,2.62,0.1,biyolojik
7.44,1.48,323.0,38.4,1.54,0.551,fiziksel
7.56,1.85,279.0,5.4,2.71,0.284,biyolojik
6.23,1.44,217.0,1.8,1.77,0.176,biyolojik
6.83,1.37,366.0,34.7,0.91,0.515,fiziksel
6.37,0.32,154.0,13.7,3.28,0.427,biyolojik
6.6,1.21,335.0,4.6,4.88,0.206,normal
6.88,2.52,257.0,12.6,2.22,0.21,biyolojik
7.25,0.6,340.0,36.1,3.89,0.628,fiziksel
7.49,2.06,338.0,25.3,2.18,0.498,fiziksel
7.54,0.56,216.0,32.4,2.86,0.111,biyolojik
7.58,1.91,210.0,7.0,2.29,0.405,kimyasal
6.31,2.21,79.0,18.6,2.71,0.329,biyolojik
7.71,3.14,289.0,21.3,3.13,0.436,biyolojik
6.88,1.27,156.0,32.3,3.38,0.272,biyolojik
6.58,0.97,462.0,30.1,1.16,0.278,fiziksel
7.32,2.04,287.0,8.4,2.86,0.497,biyolojik
8.99,3.97,289.0,7.1,1.5,0.29,kimyasal
8.34,2.48,321.0,20.6,2.05,0.28,kimyasal
5.7,2.28,187.0,16.1,2.98,0.02,biyolojik
6.3,1.72,312.0,14.8,2.63,0.331,biyolojik
7.04,2.44,279.0,28.4,3.54,0.331,biyolojik
8.48,2.55,326.0,5.1,2.1,0.191,kimyasal
8.4,1.12,343.0,13.9,3.44,0.397,kimyasal
7.99,1.96,312.0,8.2,2.04,0.457,fiziksel
6.81,1.4,252.0,43.9,1.61,0.894,fiziksel
7.45,1.77,465.0,52.0,2.13,0.765,fiziksel
6.27,1.35,133.0,19.7,3.1,0.465,biyolojik
6.25,1.04,273.0,12.6,3.21,0.169,biyolojik
7.74,1.16,339.0,3.2,4.32,0.02,normal
6.17,0.88,262.0,7.9,3.12,0.191,biyolojik
7.75,1.95,262.0,47.6,3.21,0.765,fiziksel
6.33,1.25,259.0,13.9,3.14,0.47,biyolojik
6.79,1.32,258.0,18.9,2.26,0.35,biyolojik
6.3,1.48,213.0,0.3,4.72,0.042,normal
7.06,1.49,195.0,28.2,3.88,0.469,biyolojik
5.43,1.37,439.0,37.1,1.25,0.776,fiziksel
8.58,4.38,238.0,18.1,3.1,0.465,kimyasal
9.13,4.5,324.0,0.0,2.35,0.601,kimyasal
8.07,1.8,447.0,12.4,2.06,0.438,kimyasal
6.7,1.59,327.0,17.6,1.65,0.519,biyolojik
7.59,0.97,128.0,19.1,3.15,0.473,biyolojik
6.61,1.47,269.0,33.3,2.73,0.385,biyolojik
6.45,1.06,261.0,18.1,3.53,0.178,biyolojik
6.97,1.18,500.0,1.0,4.56,0.143,normal
6.87,1.89,118.0,20.0,3.62,0.467,biyolojik
6.84,0.51,375.0,30.4,1.84,0.553,fiziksel
6.07,0.3,159.0,17.6,3.67,0.387,biyolojik
7.38,1.18,238.0,36.2,3.63,0.432,biyolojik
6.94,0.81,350.0,2.6,2.27,0.396,biyolojik
8.11,1.37,267.0,27.8,3.36,0.472,biyolojik
6.64,1.11,297.0,21.9,0.72,0.69,fiziksel
7.11,0.98,347.0,0.0,4.06,0.044,normal
6.63,2.3,99.0,24.0,3.5,0.314,biyolojik
7.91,0.78,336.0,49.7,1.79,0.604,fiziksel
9.27,4.22,247.0,10.6,2.98,0.967,kimyasal
6.88,0.66,424.0,18.7,1.9,0.633,fiziksel
6.24,1.41,329.0,4.5,1.65,0.616,fiziksel
6.95,1.35,392.0,6.1,3.14,0.161,kimyasal
6.07,0.94,172.0,16.7,2.1,0.23,biyolojik
6.89,1.37,329.0,11.2,3.55,0.439,biyolojik
6.9,1.98,267.0,10.4,2.36,0.359,biyolojik
7.17,0.63,426.0,50.8,1.88,0.461,fiziksel
8.08,3.17,341.0,3.6,2.22,0.446,kimyasal
6.13,1.99,273.0,14.0,3.22,0.301,biyolojik
7.18,0.95,428.0,22.8,2.17,0.458,fiziksel
7.81,3.14,357.0,0.0,2.2,0.624,kimyasal
7.26,0.91,363.0,6.3,4.31,0.053,normal
6.85,1.08,154.0,18.1,3.4,0.415,biyolojik
6.77,1.99,193.0,5.3,2.66,0.214,biyolojik
8.28,1.5,302.0,4.8,2.34,0.448,kimyasal
6.29,1.48,347.0,2.3,3.97,0.204,normal
7.1,1.36,108.0,13.0,1.36,0.353,fiziksel
7.49,1.79,175.0,16.5,3.76,0.209,biyolojik
5.75,2.32,239.0,22.4,2.86,0.416,biyolojik
6.54,1.27,133.0,14.5,3.09,0.26,biyolojik
5.59,0.66,202.0,20.7,3.39,0.144,biyolojik
5.44,0.64,103.0,4.2,3.23,0.304,biyolojik
8.96,3.47,330.0,8.2,3.21,0.63,kimyasal
6.44,1.37,253.0,29.6,3.39,0.28,biyolojik
5.94,1.33,244.0,26.4,3.64,0.496,biyolojik
7.59,2.03,292.0,3.1,2.85,0.24,kimyasal
8.75,2.96,381.0,7.8,2.71,0.485,kimyasal
8.46,2.97,303.0,12.5,2.7,0.551,kimyasal
7.25,1.57,364.0,1.5,4.61,0.178,normal
7.18,2.03,111.0,15.1,2.66,0.306,biyolojik
6.92,0.81,359.0,2.1,3.83,0.097,normal
6.76,1.57,211.0,23.8,2.92,0.336,biyolojik
7.15,0.66,392.0,53.5,2.28,0.605,fiziksel
6.15,1.17,86.0,28.3,3.43,0.292,biyolojik
7.25,1.06,289.0,20.9,1.45,0.432,fiziksel
7.99,2.6,235.0,11.1,3.67,0.307,kimyasal
7.15,1.71,171.0,20.2,2.3,0.26,biyolojik
6.97,1.69,365.0,1.2,3.29,0.353,kimyasal
6.25,2.34,301.0,18.8,3.16,0.551,biyolojik
7.81,0.9,350.0,15.2,3.17,0.495,fiziksel
5.85,2.6,128.0,29.7,3.83,0.391,biyolojik
7.06,1.42,178.0,38.0,2.93,0.26,biyolojik
8.65,3.21,186.0,13.4,2.67,0.138,kimyasal
8.05,1.05,386.0,20.3,1.79,0.428,fiziksel
6.65,2.0,105.0,11.7,2.81,0.257,biyolojik
6.45,2.09,119.0,17.9,3.35,0.184,biyolojik
6.27,0.56,324.0,43.4,2.13,0.458,fiziksel
8.92,3.53,301.0,19.0,3.0,0.527,kimyasal
7.32,1.81,266.0,5.3,3.96,0.196,normal
6.5,0.87,89.0,16.5,2.39,0.172,biyolojik
7.37,2.55,232.0,7.1,2.9,0.441,biyolojik
6.74,1.04,310.0,20.8,2.34,0.459,biyolojik
7.44,1.98,219.0,15.4,2.22,0.683,kimyasal
6.19,1.58,290.0,30.7,1.67,0.479,biyolojik
7.53,1.59,449.0,48.0,2.3,0.906,fiziksel
8.36,3.8,305.0,8.9,3.34,0.323,kimyasal
7.6,1.71,313.0,46.0,0.98,0.598,fiziksel
6.87,0.34,451.0,5.5,4.51,0.102,normal
6.98,0.59,367.0,2.3,3.95,0.129,normal
6.7,1.36,105.0,23.3,2.65,0.434,biyolojik
7.77,1.85,178.0,19.9,3.41,0.21,biyolojik
7.51,0.34,324.0,60.0,1.11,0.922,fiziksel
6.34,1.91,276.0,8.1,2.75,0.106,biyolojik
7.03,1.36,211.0,21.9,3.72,0.311,biyolojik
6.91,1.11,315.0,35.1,1.01,0.781,fiziksel
7.91,0.95,283.0,0.0,3.61,0.079,normal
6.39,0.3,330.0,22.6,2.67,0.365,biyolojik
6.44,1.43,269.0,23.5,1.55,0.388,biyolojik
6.44,0.77,360.0,30.3,0.95,0.634,fiziksel
7.26,0.82,458.0,41.1,0.8,0.594,fiziksel
8.11,3.02,388.0,9.7,2.02,0.47,kimyasal
6.31,1.62,467.0,3.8,3.03,0.112,normal
7.98,3.1,244.0,17.2,3.5,0.142,kimyasal
8.91,2.26,264.0,6.6,2.83,0.53,kimyasal
7.55,1.13,440.0,22.3,0.25,0.701,fiziksel
6.41,0.99,248.0,45.8,0.88,0.503,fiziksel
7.04,1.39,349.0,34.4,1.44,0.505,fiziksel
7.0,1.31,321.0,33.9,2.37,0.669,fiziksel
8.03,1.85,374.0,8.1,3.42,0.244,kimyasal
6.93,0.8,395.0,60.0,1.97,0.681,fiziksel
6.6,1.53,43.0,35.2,3.77,0.504,biyolojik
8.44,3.55,262.0,8.3,1.97,0.293,kimyasal
7.99,1.09,456.0,4.0,3.62,0.157,normal
6.6,0.78,175.0,8.9,3.0,0.324,biyolojik
6.59,2.23,260.0,12.6,2.43,0.285,biyolojik
7.0,0.47,500.0,4.3,4.53,0.143,normal
6.33,0.41,228.0,55.9,2.81,0.826,fiziksel
6.97,0.53,169.0,22.0,2.18,0.349,biyolojik
7.36,0.82,433.0,47.6,1.93,0.559,fiziksel
7.35,3.51,236.0,12.8,2.55,0.529,kimyasal
6.46,1.41,402.0,38.4,2.38,0.462,fiziksel
6.42,1.76,193.0,25.9,3.97,0.185,biyolojik
6.97,1.33,426.0,16.7,3.0,0.724,fiziksel
6.53,1.42,316.0,11.8,2.23,0.297,biyolojik
7.46,1.31,290.0,17.8,2.55,0.844,fiziksel
6.11,0.87,365.0,17.4,0.2,0.067,fiziksel
6.93,1.79,207.0,39.1,3.44,0.513,biyolojik
6.41,1.26,481.0,21.0,1.45,0.527,fiziksel
8.77,4.48,249.0,13.3,3.87,0.301,kimyasal
6.48,0.55,164.0,22.1,2.79,0.284,biyolojik
6.47,0.47,462.0,19.7,0.98,0.384,fiziksel
8.64,3.94,345.0,7.0,2.88,0.4,kimyasal
5.81,1.42,436.0,8.7,4.41,0.084,normal
6.68,1.79,337.0,38.2,1.19,0.704,fiziksel
9.0,2.71,264.0,7.3,2.56,0.39,kimyasal
7.73,1.41,413.0,36.1,1.22,0.746,fiziksel
7.76,2.3,343.0,17.1,2.27,0.535,fiziksel
8.61,3.14,300.0,6.6,2.64,0.126,kimyasal
6.92,0.99,276.0,23.3,2.83,0.307,normal
7.5,3.81,167.0,27.7,3.79,0.492,biyolojik
6.06,2.03,246.0,14.8,3.63,0.421,biyolojik
5.71,1.41,302.0,29.2,1.36,0.526,fiziksel
8.19,2.41,386.0,23.4,2.2,0.431,kimyasal
7.92,1.34,216.0,45.0,3.94,0.678,fiziksel
6.87,1.59,408.0,45.5,2.15,0.858,fiziksel
7.46,1.45,167.0,15.1,2.84,0.262,biyolojik
7.9,2.41,337.0,24.8,2.76,0.469,fiziksel
8.29,3.49,310.0,5.9,3.15,0.238,kimyasal
7.39,0.66,258.0,32.4,2.42,0.814,fiziksel
6.37,1.23,167.0,37.1,2.71,0.312,biyolojik
6.27,0.83,303.0,13.0,2.39,0.105,biyolojik
6.56,1.27,377.0,14.3,2.09,0.372,fiziksel
6.89,1.44,385.0,33.6,2.18,0.756,fiziksel
7.56,0.98,383.0,50.3,2.02,0.807,fiziksel
5.99,1.85,122.0,8.7,2.06,0.498,biyolojik
8.28,1.01,364.0,19.9,2.07,0.532,fiziksel
6.33,1.6,260.0,23.5,3.31,0.282,biyolojik
7.1,0.77,352.0,22.8,3.12,0.282,fiziksel
6.48,1.1,364.0,2.2,3.88,0.157,normal
6.88,2.36,151.0,18.9,3.11,0.402,biyolojik
7.41,1.45,142.0,21.7,3.63,0.323,biyolojik
6.76,1.09,202.0,6.1,2.4,0.155,biyolojik
6.33,1.32,453.0,60.0,3.14,0.67,fiziksel
6.83,2.7,119.0,28.8,3.51,0.511,biyolojik
6.42,1.17,59.0,25.8,3.22,0.105,biyolojik
6.98,0.84,354.0,15.6,2.36,0.274,normal
6.75,0.64,306.0,22.8,1.77,0.626,fiziksel
7.45,1.04,404.0,54.9,3.04,0.936,fiziksel
8.77,2.7,287.0,5.9,3.1,0.751,kimyasal
6.33,0.99,327.0,19.6,3.03,0.54,biyolojik
7.24,2.04,292.0,5.9,2.58,0.245,biyolojik
6.49,0.76,386.0,40.2,3.15,0.768,fiziksel
7.35,1.53,386.0,11.4,3.11,0.297,normal
7.65,0.64,303.0,40.3,0.61,0.605,fiziksel
7.01,1.15,393.0,34.2,3.76,0.844,fiziksel
9.26,3.18,203.0,8.1,1.45,0.348,kimyasal
7.62,1.13,327.0,10.8,0.87,0.467,fiziksel
6.37,1.52,240.0,15.4,3.05,0.406,biyolojik
8.34,1.26,346.0,0.7,4.91,0.036,normal
7.57,1.38,327.0,4.4,4.16,0.072,normal
8.55,2.09,310.0,9.8,3.01,0.421,kimyasal
7.23,1.49,356.0,60.0,3.43,0.791,fiziksel
8.58,3.39,296.0,12.9,1.75,0.62,kimyasal
7.36,0.99,281.0,31.0,2.67,0.803,fiziksel
5.77,2.19,28.0,21.8,3.17,0.213,biyolojik
6.95,1.29,314.0,42.1,1.03,0.866,fiziksel
7.39,1.97,371.0,1.1,3.1,0.02,normal
6.53,1.43,201.0,14.2,2.79,0.266,biyolojik
6.24,0.75,407.0,41.9,1.59,0.62,fiziksel
6.62,2.17,221.0,25.0,1.89,0.324,biyolojik
8.7,3.68,291.0,7.1,3.73,0.417,kimyasal
7.48,2.18,256.0,18.5,2.11,0.268,kimyasal
6.96,1.56,190.0,17.3,3.96,0.373,biyolojik
7.6,1.88,228.0,17.7,3.23,0.377,biyolojik
7.81,1.78,326.0,13.5,1.86,0.387,fiziksel
6.91,0.78,55.0,28.4,3.42,0.032,biyolojik
7.15,0.54,418.0,21.2,2.32,0.368,fiziksel
7.24,1.39,301.0,26.5,1.37,0.568,fiziksel
7.77,2.37,423.0,3.8,2.21,0.137,kimyasal
7.59,1.91,394.0,16.5,2.0,0.511,kimyasal
6.3,0.88,319.0,32.4,1.63,0.404,fiziksel
7.64,1.95,348.0,13.1,1.95,0.458,kimyasal
6.82,0.99,410.0,52.4,1.52,0.322,fiziksel
6.39,1.85,140.0,22.2,2.59,0.24,biyolojik
7.63,1.07,472.0,46.6,3.07,0.707,fiziksel
6.96,0.96,241.0,3.7,4.16,0.099,normal
8.66,1.39,266.0,16.1,2.51,0.142,kimyasal
6.49,2.01,363.0,23.0,2.78,0.392,biyolojik
6.38,1.05,413.0,43.7,3.05,0.766,fiziksel
6.92,1.07,312.0,56.9,3.89,0.912,fiziksel
7.49,2.2,367.0,13.4,3.19,0.328,kimyasal
7.53,0.88,489.0,16.5,2.2,0.725,fiziksel
7.43,1.04,170.0,20.3,2.88,0.161,biyolojik
7.81,2.43,429.0,5.4,2.29,0.205,kimyasal
7.72,2.18,382.0,13.7,2.29,0.387,fiziksel
7.1,1.6,112.0,24.3,3.02,0.444,biyolojik
7.29,1.29,248.0,1.4,4.04,0.191,normal
6.99,1.63,373.0,53.3,2.6,0.833,fiziksel
6.82,1.61,474.0,47.8,2.22,0.341,fiziksel
7.6,3.22,237.0,10.4,2.3,0.318,kimyasal
7.25,0.65,201.0,9.6,2.5,0.44,biyolojik
7.07,1.02,150.0,27.7,1.95,0.683,fiziksel
6.62,1.46,293.0,12.5,3.15,0.302,biyolojik
6.41,0.95,186.0,15.9,3.24,0.245,biyolojik
8.49,2.18,397.0,12.7,1.99,0.416,kimyasal
6.23,0.81,153.0,0.0,2.47,0.361,biyolojik
6.71,1.53,188.0,4.0,3.48,0.104,normal
6.53,0.84,276.0,14.8,3.23,0.078,biyolojik
6.94,1.18,217.0,17.9,2.37,0.188,biyolojik
9.05,3.14,361.0,13.4,2.04,0.44,kimyasal
6.8,1.02,381.0,4.0,3.94,0.02,normal
7.93,1.91,202.0,18.9,3.89,0.338,biyolojik
6.09,1.15,468.0,32.0,0.6,0.326,fiziksel
6.99,1.33,142.0,24.1,3.0,0.342,biyolojik
6.5,1.09,394.0,3.3,4.33,0.153,normal
6.72,0.54,381.0,46.9,3.4,0.816,fiziksel
5.99,0.96,303.0,15.9,2.68,0.528,biyolojik
8.52,3.54,438.0,26.0,2.35,0.386,kimyasal
8.24,2.58,364.0,12.9,2.71,0.263,kimyasal
7.48,1.33,434.0,55.7,1.69,0.854,fiziksel
8.8,3.51,368.0,12.3,2.34,0.523,kimyasal
6.6,1.15,359.0,5.6,4.63,0.02,normal
6.53,2.01,212.0,16.6,2.39,0.23,biyolojik
9.56,3.57,297.0,4.2,2.17,0.335,kimyasal
7.06,0.58,353.0,19.8,0.58,0.608,fiziksel
5.59,1.55,72.0,24.8,3.92,0.471,biyolojik
8.22,2.64,391.0,6.2,2.38,0.105,kimyasal
7.08,0.45,386.0,52.3,3.81,0.785,fiziksel
8.11,1.25,375.0,25.9,1.1,0.324,fiziksel
7.81,0.57,433.0,30.3,3.31,0.905,fiziksel
7.4,1.55,349.0,24.9,1.31,0.535,fiziksel
6.95,1.26,386.0,10.4,1.18,0.251,fiziksel
7.18,1.16,128.0,25.0,3.75,0.422,biyolojik
6.71,1.0,425.0,40.0,2.23,0.494,fiziksel
6.98,1.15,407.0,17.1,2.27,0.321,fiziksel
8.08,2.85,290.0,3.1,1.87,0.577,kimyasal
7.01,1.08,370.0,31.7,1.5,0.35,fiziksel
6.25,1.15,208.0,15.4,2.91,0.251,biyolojik
6.95,0.66,214.0,40.8,1.04,0.555,fiziksel
7.56,3.12,274.0,7.5,2.53,0.452,kimyasal
6.63,1.04,277.0,24.2,2.88,0.399,biyolojik
6.51,0.91,339.0,5.6,3.99,0.057,normal
6.41,0.93,447.0,6.5,3.99,0.037,normal
5.82,0.94,245.0,21.5,3.74,0.38,biyolojik
7.51,1.63,374.0,5.4,2.59,0.265,fiziksel
6.14,0.49,253.0,54.9,2.91,0.093,biyolojik
6.55,1.45,171.0,4.7,1.82,0.55,fiziksel
6.16,1.22,338.0,20.2,1.49,0.497,fiziksel
7.05,0.99,378.0,38.1,3.17,0.544,fiziksel
7.3,0.76,272.0,41.9,2.4,0.935,fiziksel
8.52,1.33,366.0,11.2,1.26,0.398,fiziksel
6.48,1.17,384.0,40.6,1.2,0.435,fiziksel
5.87,1.38,356.0,19.5,2.8,0.211,biyolojik
7.32,1.29,232.0,30.8,1.91,0.494,fiziksel
8.31,3.57,493.0,9.5,3.05,0.411,kimyasal
6.66,1.11,319.0,39.0,1.45,0.375,fiziksel
6.2,1.38,123.0,27.1,3.67,0.432,biyolojik
7.01,0.3,413.0,36.0,3.39,0.953,fiziksel
6.84,0.91,116.0,8.4,2.51,0.131,biyolojik
7.88,1.27,285.0,48.5,1.27,0.58,fiziksel
6.8,1.04,246.0,44.1,2.75,0.591,fiziksel
6.08,1.97,311.0,46.4,3.44,0.498,fiziksel
6.67,1.17,256.0,31.8,1.43,0.83,fiziksel
6.56,1.27,251.0,5.4,3.79,0.071,biyolojik
5.34,0.52,246.0,27.3,1.1,0.404,fiziksel
6.13,1.42,152.0,22.3,2.84,0.062,biyolojik
8.2,2.28,246.0,40.2,1.58,0.641,fiziksel
6.58,1.09,373.0,31.8,2.19,0.897,fiziksel
7.77,2.65,292.0,6.7,2.93,0.408,kimyasal
5.39,1.8,243.0,18.4,2.98,0.211,biyolojik
7.83,0.31,202.0,20.1,0.54,0.513,fiziksel
7.51,1.44,410.0,19.5,3.06,0.565,fiziksel
7.08,2.22,383.0,28.1,2.08,0.374,biyolojik
6.72,1.28,381.0,17.6,3.31,0.332,fiziksel
7.11,1.6,150.0,21.4,3.56,0.433,biyolojik
6.36,1.64,264.0,8.4,2.05,0.284,biyolojik
7.92,1.35,317.0,18.4,2.88,0.681,kimyasal
8.68,3.11,302.0,10.7,2.36,0.422,kimyasal
5.43,1.36,259.0,41.2,3.76,0.394,biyolojik
8.27,2.35,301.0,13.5,2.03,0.307,fiziksel
6.36,0.76,379.0,28.0,1.63,0.45,fiziksel
7.01,0.88,174.0,23.2,3.25,0.357,biyolojik
6.57,1.32,379.0,20.3,1.19,0.646,fiziksel
5.96,1.78,178.0,27.5,2.68,0.454,biyolojik
6.93,0.4,338.0,49.5,1.61,0.648,fiziksel
7.16,0.73,362.0,14.0,2.58,0.079,biyolojik
6.86,0.97,403.0,37.6,2.35,0.647,fiziksel
7.74,0.71,500.0,37.8,2.07,0.602,fiziksel
7.46,2.79,177.0,17.9,3.31,0.324,biyolojik
7.8,0.88,409.0,44.2,2.15,0.807,fiziksel
6.51,1.41,199.0,34.0,1.76,0.301,fiziksel
6.56,1.59,241.0,38.5,1.84,0.713,fiziksel
6.6,0.84,437.0,53.4,2.25,0.768,fiziksel
7.73,2.45,167.0,17.5,3.13,0.351,biyolojik
6.63,0.77,329.0,39.7,2.88,0.157,biyolojik
5.86,0.83,90.0,11.1,2.27,0.308,biyolojik
7.23,0.9,351.0,26.6,1.33,0.408,fiziksel
8.44,3.59,386.0,9.0,3.12,0.29,kimyasal
7.16,1.49,203.0,34.1,3.82,0.282,biyolojik
8.11,2.95,418.0,5.6,2.46,0.512,kimyasal
7.17,1.78,-36.0,17.7,2.26,0.532,biyolojik
6.35,0.96,225.0,13.1,3.23,0.189,biyolojik
7.25,0.96,491.0,38.8,2.74,0.798,fiziksel
6.07,2.14,273.0,16.9,3.01,0.02,biyolojik
9.35,2.18,247.0,14.2,2.93,0.627,kimyasal
7.47,1.32,91.0,20.2,2.42,0.47,biyolojik
7.72,1.09,309.0,7.9,2.1,0.475,kimyasal
7.37,0.34,176.0,31.0,2.71,0.38,biyolojik
7.68,1.51,445.0,34.5,1.67,0.992,fiziksel
6.67,2.19,70.0,12.8,3.18,0.307,biyolojik
6.35,1.39,332.0,33.8,2.19,0.638,fiziksel
7.46,0.34,333.0,33.9,1.32,0.471,fiziksel
6.57,1.32,300.0,17.6,2.48,0.504,kimyasal
7.13,1.14,477.0,22.2,0.36,0.307,fiziksel
8.12,1.85,297.0,9.0,3.49,0.157,normal
5.78,0.37,102.0,16.0,4.07,0.335,biyolojik
7.92,3.09,403.0,9.8,1.18,0.527,kimyasal
5.44,1.31,232.0,18.8,3.37,0.338,biyolojik
7.5,0.58,161.0,15.9,2.66,0.593,biyolojik
7.61,1.86,181.0,13.9,2.26,0.307,biyolojik
6.21,1.58,346.0,26.8,1.53,0.491,fiziksel
7.59,1.57,410.0,60.0,2.61,0.568,fiziksel
6.66,1.13,385.0,33.8,2.05,0.58,fiziksel
7.65,1.32,138.0,18.3,3.23,0.146,biyolojik
6.48,1.5,433.0,41.4,1.53,0.869,fiziksel
7.95,1.34,71.0,14.5,2.69,0.234,biyolojik
8.76,3.09,330.0,9.2,1.62,0.418,kimyasal
7.86,2.6,419.0,12.0,1.72,0.455,kimyasal
6.64,2.15,86.0,26.1,2.75,0.504,biyolojik
6.39,1.65,223.0,26.4,2.28,0.438,biyolojik
7.33,2.21,264.0,20.1,3.05,0.497,kimyasal
6.96,1.15,322.0,28.4,3.12,0.393,biyolojik
7.23,0.56,484.0,23.3,2.41,0.434,fiziksel
6.4,0.99,219.0,23.5,2.29,0.164,biyolojik
6.92,1.66,325.0,7.2,2.71,0.155,biyolojik
6.88,1.57,493.0,18.6,0.86,0.513,fiziksel
6.71,1.25,251.0,17.6,1.87,0.424,biyolojik
7.11,1.08,371.0,11.8,1.89,0.502,fiziksel
8.77,3.05,298.0,13.4,1.95,0.43,kimyasal
6.86,1.22,303.0,48.6,0.88,0.43,fiziksel
5.92,1.48,233.0,28.1,1.89,0.166,biyolojik
6.96,1.19,189.0,56.3,3.31,0.952,fiziksel
5.95,1.56,182.0,22.2,2.61,0.336,biyolojik
5.92,1.37,149.0,38.4,3.35,0.369,biyolojik
7.34,1.12,349.0,8.6,2.92,0.146,normal
7.18,1.05,188.0,16.1,3.95,0.155,biyolojik
7.07,0.72,351.0,38.9,2.16,0.629,fiziksel
6.5,0.63,450.0,31.5,1.05,0.249,fiziksel
7.8,1.9,360.0,11.5,2.65,0.687,kimyasal
7.34,2.26,286.0,19.1,1.66,0.496,kimyasal
6.27,1.35,267.0,27.8,2.85,0.501,biyolojik
5.57,0.99,126.0,28.9,2.62,0.463,biyolojik
7.46,1.4,175.0,38.0,3.55,0.342,biyolojik
5.9,1.57,152.0,40.4,3.35,0.323,biyolojik
8.67,3.87,290.0,9.4,3.48,0.405,kimyasal
6.94,1.32,500.0,2.4,3.15,0.099,normal
7.3,1.27,161.0,29.4,2.01,0.058,biyolojik
6.63,1.72,348.0,1.4,3.98,0.027,normal
5.56,1.43,196.0,0.8,3.42,0.214,biyolojik
7.5,1.59,290.0,16.0,2.4,0.63,kimyasal
6.91,1.6,381.0,13.7,3.16,0.73,fiziksel
6.78,1.03,370.0,33.7,2.08,0.393,fiziksel
7.62,2.03,416.0,13.5,2.48,0.544,kimyasal
8.43,1.53,266.0,12.3,1.64,0.322,kimyasal
8.22,2.64,366.0,12.5,2.4,0.495,kimyasal
8.19,1.4,438.0,41.1,1.68,0.525,fiziksel
7.84,3.65,253.0,0.0,2.44,0.173,kimyasal
7.95,2.2,294.0,6.7,3.88,0.203,kimyasal
7.63,1.57,307.0,26.2,0.71,0.02,fiziksel
6.87,0.99,359.0,13.5,2.85,0.23,biyolojik
6.91,1.4,98.0,27.4,2.97,0.39,biyolojik
7.43,1.06,310.0,5.4,2.8,0.269,fiziksel
5.5,1.47,84.0,29.0,4.39,0.36,biyolojik
7.01,1.99,224.0,17.0,3.72,0.275,biyolojik
5.3,1.39,131.0,0.0,2.52,0.26,biyolojik
8.57,1.99,290.0,11.8,2.28,0.356,kimyasal
7.24,1.31,334.0,36.4,1.07,0.301,fiziksel
6.59,1.09,440.0,4.3,3.56,0.103,normal
6.54,1.56,168.0,39.2,1.84,0.894,fiziksel
6.37,0.3,468.0,2.5,3.91,0.061,normal
6.48,1.66,262.0,31.7,3.73,0.389,biyolojik
6.27,1.32,227.0,18.5,3.58,0.183,biyolojik
8.0,1.98,386.0,17.4,2.99,0.267,kimyasal
8.2,3.83,266.0,18.6,2.67,0.512,kimyasal
7.23,0.77,448.0,3.6,3.51,0.075,normal
7.48,1.25,136.0,17.1,2.21,0.354,biyolojik
9.14,4.25,315.0,1.0,3.01,0.459,kimyasal
6.7,1.45,11.0,0.1,2.74,0.297,biyolojik
6.5,1.17,294.0,5.1,1.72,0.205,biyolojik
5.38,0.54,116.0,30.0,2.63,0.392,biyolojik
8.45,3.24,376.0,10.4,2.63,0.242,kimyasal
7.97,1.26,379.0,35.7,1.56,0.443,fiziksel
6.37,1.19,206.0,21.9,2.47,0.263,biyolojik
5.78,1.29,336.0,25.8,1.68,0.943,fiziksel
8.3,3.21,238.0,2.1,2.61,0.185,kimyasal
7.49,0.94,231.0,26.4,1.47,0.216,fiziksel
6.97,2.07,101.0,17.1,3.36,0.217,biyolojik
5.1,0.98,141.0,10.8,2.74,0.457,biyolojik
6.49,0.99,305.0,39.1,1.13,0.572,fiziksel
6.58,0.95,383.0,0.0,1.95,0.724,fiziksel
8.44,2.12,332.0,3.8,2.3,0.562,kimyasal
7.73,1.0,361.0,23.7,0.93,0.719,fiziksel
7.08,2.23,182.0,7.5,2.75,0.291,biyolojik
6.93,1.21,233.0,40.1,2.72,0.532,fiziksel
8.14,2.69,397.0,0.0,1.71,0.278,kimyasal
6.71,1.41,275.0,25.8,2.51,0.539,biyolojik
8.99,2.81,155.0,4.0,2.47,0.133,kimyasal
6.81,1.49,387.0,3.5,4.08,0.127,normal
6.65,1.43,402.0,60.0,1.15,0.502,fiziksel
6.08,1.78,203.0,16.7,2.39,0.217,biyolojik
8.12,2.85,322.0,1.0,2.99,0.227,kimyasal
5.92,1.9,198.0,21.2,2.68,0.198,biyolojik
6.15,0.51,364.0,20.3,1.74,0.363,fiziksel
7.21,1.75,290.0,21.0,1.18,0.13,fiziksel
6.95,0.72,292.0,19.4,1.18,0.687,fiziksel
5.58,1.53,129.0,34.6,2.67,0.481,biyolojik
7.78,2.35,430.0,11.6,3.49,0.542,kimyasal
6.79,1.13,410.0,41.5,2.12,0.562,fiziksel
6.78,1.63,-2.0,33.2,2.22,0.27,biyolojik
6.74,1.3,-34.0,22.1,2.69,0.1,biyolojik
6.94,0.96,351.0,45.9,1.28,0.558,fiziksel
7.6,0.86,337.0,8.7,0.2,0.232,fiziksel
7.53,0.3,227.0,28.5,2.14,0.576,fiziksel
7.06,1.9,76.0,22.5,3.24,0.275,biyolojik
8.37,3.41,239.0,4.0,1.5,0.451,kimyasal
6.61,1.27,299.0,9.3,4.0,0.176,normal
6.45,1.62,315.0,22.8,3.45,0.424,biyolojik
8.76,2.13,201.0,14.0,2.69,0.651,kimyasal
7.53,0.97,200.0,40.6,2.84,0.212,fiziksel
6.79,0.92,370.0,34.3,0.2,0.6,fiziksel
7.7,1.44,311.0,8.3,1.66,0.408,fiziksel
7.68,1.12,500.0,27.7,1.64,0.766,fiziksel
6.96,0.96,367.0,3.3,4.16,0.086,normal
5.47,0.4,153.0,9.7,3.51,0.351,biyolojik
8.2,2.36,145.0,6.6,2.38,0.315,biyolojik
7.67,1.93,286.0,8.9,1.28,0.508,kimyasal
5.84,0.84,155.0,16.9,4.54,0.47,biyolojik
6.12,1.95,243.0,16.3,2.58,0.637,biyolojik
8.64,4.15,368.0,0.0,2.04,0.168,kimyasal
6.05,0.86,462.0,2.4,4.44,0.137,normal
8.6,2.3,364.0,5.6,2.01,0.347,kimyasal
8.17,2.7,243.0,15.9,1.81,0.45,kimyasal
7.97,1.72,387.0,3.9,2.52,0.382,kimyasal
6.6,2.08,173.0,16.2,3.9,0.426,biyolojik
8.33,0.72,287.0,1.8,4.01,0.115,normal
5.2,1.45,390.0,16.2,2.58,0.436,biyolojik
7.15,1.11,354.0,2.4,4.02,0.074,normal
6.15,1.11,148.0,21.0,3.13,0.129,biyolojik
7.64,0.88,464.0,60.0,2.26,0.746,fiziksel
6.45,1.31,467.0,34.8,1.08,0.493,fiziksel
6.55,1.06,194.0,29.2,3.58,0.344,biyolojik
6.29,1.59,374.0,19.8,2.09,0.602,fiziksel
7.5,2.31,169.0,29.5,3.02,0.357,biyolojik
6.53,1.48,165.0,1.8,2.35,0.436,biyolojik
7.28,0.77,398.0,8.4,2.12,0.507,fiziksel
6.97,0.95,305.0,28.6,0.53,0.405,fiziksel
8.32,2.97,364.0,10.9,2.96,0.438,kimyasal
6.79,0.85,351.0,24.2,1.13,0.348,fiziksel
6.52,2.32,183.0,22.4,2.87,0.261,biyolojik
7.09,1.5,135.0,13.5,2.7,0.469,biyolojik
6.88,0.79,336.0,0.7,4.88,0.11,normal
8.03,1.2,249.0,23.9,2.22,0.729,fiziksel
4.57,1.38,152.0,12.2,2.12,0.264,biyolojik
7.37,2.35,153.0,19.9,3.91,0.076,biyolojik
7.44,0.87,368.0,55.7,2.01,0.879,fiziksel
7.73,1.11,339.0,17.6,2.28,0.411,fiziksel
8.29,3.26,334.0,16.3,1.82,0.207,kimyasal
6.74,1.4,246.0,22.8,2.53,0.404,biyolojik
8.13,2.86,295.0,7.8,2.95,0.363,kimyasal
6.95,1.81,341.0,28.1,2.51,0.546,fiziksel
6.63,1.86,114.0,46.5,3.84,0.282,biyolojik
6.57,0.89,149.0,10.7,2.59,0.507,biyolojik
8.55,3.2,318.0,2.6,3.58,0.244,kimyasal
7.29,1.7,376.0,3.2,3.56,0.094,normal
6.54,0.86,114.0,35.8,3.5,0.568,biyolojik
7.67,2.87,300.0,7.2,2.01,0.545,kimyasal
6.46,1.72,173.0,20.7,2.99,0.431,biyolojik
8.68,1.96,237.0,10.6,2.41,0.336,kimyasal
7.58,1.8,274.0,9.1,1.92,0.328,biyolojik
6.44,1.47,219.0,0.0,2.15,0.119,biyolojik
8.84,3.48,265.0,12.3,2.49,0.634,kimyasal
5.93,1.63,113.0,3.1,2.89,0.494,biyolojik
6.65,1.42,318.0,21.2,0.2,0.574,fiziksel
7.56,1.21,500.0,49.5,1.98,0.592,fiziksel
7.4,2.17,230.0,8.0,2.43,0.528,kimyasal
5.65,2.05,107.0,6.8,3.37,0.428,biyolojik
6.46,1.6,217.0,17.8,3.15,0.348,biyolojik
7.15,0.97,291.0,45.2,2.06,0.568,fiziksel
6.51,0.46,416.0,6.1,3.8,0.12,normal
7.06,0.72,352.0,60.0,2.64,0.506,fiziksel
5.14,0.73,158.0,8.5,3.19,0.362,biyolojik
5.24,1.2,188.0,23.6,2.58,0.375,biyolojik
6.4,1.16,389.0,31.1,2.81,0.305,fiziksel
6.12,1.12,270.0,3.1,4.2,0.182,normal
6.64,0.94,263.0,34.2,2.03,0.645,fiziksel
7.91,1.65,247.0,0.0,2.37,0.315,kimyasal
6.74,1.15,225.0,8.8,3.54,0.13,biyolojik
9.04,3.3,291.0,12.0,3.21,0.154,kimyasal
6.93,0.9,164.0,2.7,3.61,0.163,normal
7.91,0.94,345.0,37.7,2.7,0.763,fiziksel
6.2,2.13,226.0,18.3,2.41,0.252,biyolojik
7.7,1.34,278.0,16.5,1.73,0.322,fiziksel
6.17,0.49,147.0,25.1,4.21,0.512,biyolojik
6.14,1.68,177.0,22.6,3.66,0.27,biyolojik
6.88,1.54,207.0,26.9,4.36,0.422,biyolojik
5.27,1.45,222.0,23.3,3.23,0.295,biyolojik
5.87,1.48,306.0,30.0,2.62,0.66,fiziksel
6.9,1.86,121.0,29.4,3.1,0.107,biyolojik
